timestamp,split,tomato_flower_truss1_n_observed,tomato_flower_truss2_n_observed,tomato_flower_truss3_n_observed,tomato_flower_total_n_observed,strawberry_fruit_truss1_n_observed,strawberry_fruit_truss2_n_observed,strawberry_fruit_truss3_n_observed,strawberry_fruit_total_n_observed
2024-09-30,train,9.0,9.0,9.0,9.0,,,,
2024-10-01,test,,,,,9.0,9.0,9.0,9.0
2024-10-01,train,9.0,9.0,9.0,9.0,,,,
2024-10-03,validation,9.0,9.0,9.0,9.0,,,,
2024-10-07,train,18.0,18.0,18.0,18.0,27.0,27.0,27.0,27.0
2024-10-08,test,,,,,18.0,18.0,18.0,18.0
2024-10-08,train,18.0,18.0,18.0,18.0,27.0,27.0,27.0,27.0
2024-10-08,validation,,,,,18.0,18.0,18.0,18.0
2024-10-10,train,,,,,9.0,9.0,9.0,9.0
2024-10-11,validation,9.0,9.0,9.0,9.0,,,,
2024-10-14,train,18.0,18.0,18.0,18.0,72.0,72.0,72.0,72.0
2024-10-14,validation,,,,,9.0,9.0,9.0,9.0
2024-10-15,test,,,,,18.0,18.0,18.0,18.0
2024-10-15,train,18.0,18.0,18.0,18.0,36.0,36.0,36.0,36.0
2024-10-15,validation,,,,,18.0,18.0,18.0,18.0
2024-10-16,test,,,,,9.0,9.0,9.0,9.0
2024-10-17,validation,9.0,9.0,9.0,9.0,,,,
2024-10-21,train,18.0,18.0,18.0,18.0,63.0,63.0,63.0,63.0
2024-10-21,validation,,,,,9.0,9.0,9.0,9.0
2024-10-22,test,,,,,27.0,27.0,27.0,27.0
2024-10-22,train,18.0,18.0,18.0,18.0,45.0,45.0,45.0,45.0
2024-10-22,validation,,,,,18.0,18.0,18.0,18.0
2024-10-23,train,9.0,9.0,9.0,9.0,,,,
2024-10-25,validation,9.0,9.0,9.0,9.0,,,,
2024-10-28,test,,,,,9.0,9.0,9.0,9.0
2024-10-28,train,27.0,27.0,27.0,27.0,54.0,54.0,54.0,54.0
2024-10-28,validation,,,,,9.0,9.0,9.0,9.0
2024-10-29,test,,,,,18.0,18.0,18.0,18.0
2024-10-29,train,18.0,18.0,18.0,18.0,54.0,54.0,54.0,54.0
2024-10-29,validation,,,,,18.0,18.0,18.0,18.0
2024-10-30,test,9.0,9.0,9.0,9.0,,,,
2024-10-30,train,9.0,9.0,9.0,9.0,,,,
2024-10-31,validation,9.0,9.0,9.0,9.0,,,,
2024-11-04,train,18.0,18.0,18.0,18.0,36.0,36.0,36.0,36.0
2024-11-04,validation,,,,,9.0,9.0,9.0,9.0
2024-11-05,test,,,,,18.0,18.0,18.0,18.0
2024-11-05,train,9.0,9.0,9.0,9.0,36.0,36.0,36.0,36.0
2024-11-05,validation,,,,,18.0,18.0,18.0,18.0
2024-11-06,test,,,,,9.0,9.0,9.0,9.0
2024-11-06,train,9.0,9.0,9.0,9.0,,,,
2024-11-07,test,9.0,9.0,9.0,9.0,,,,
2024-11-07,train,18.0,18.0,18.0,18.0,27.0,27.0,27.0,27.0
2024-11-08,validation,9.0,9.0,9.0,9.0,,,,
2024-11-11,train,27.0,27.0,27.0,27.0,63.0,63.0,63.0,63.0
2024-11-11,validation,,,,,9.0,9.0,9.0,9.0
2024-11-12,test,9.0,9.0,9.0,9.0,27.0,27.0,27.0,27.0
2024-11-12,train,18.0,18.0,18.0,18.0,18.0,18.0,18.0,18.0
2024-11-12,validation,,,,,18.0,18.0,18.0,18.0
2024-11-13,train,9.0,9.0,9.0,9.0,,,,
2024-11-14,train,,,,,26.0,26.0,26.0,26.0
2024-11-14,validation,9.0,9.0,9.0,9.0,,,,
2024-11-18,train,18.0,18.0,18.0,18.0,45.0,45.0,45.0,45.0
2024-11-18,validation,,,,,9.0,9.0,9.0,9.0
2024-11-19,test,,,,,27.0,27.0,27.0,27.0
2024-11-19,train,18.0,18.0,18.0,18.0,36.0,36.0,36.0,36.0
2024-11-19,validation,,,,,18.0,18.0,18.0,18.0
2024-11-20,test,9.0,9.0,9.0,9.0,,,,
2024-11-20,train,18.0,18.0,18.0,18.0,,,,
2024-11-21,train,,,,,9.0,9.0,9.0,9.0
2024-11-21,validation,9.0,9.0,9.0,9.0,,,,
2024-11-22,train,,,,,17.0,17.0,17.0,17.0
2024-11-22,validation,9.0,9.0,9.0,9.0,,,,
2024-11-25,train,18.0,18.0,18.0,18.0,45.0,45.0,45.0,45.0
2024-11-25,validation,,,,,9.0,9.0,9.0,9.0
2024-11-26,test,9.0,9.0,9.0,9.0,18.0,18.0,18.0,18.0
2024-11-26,train,27.0,27.0,27.0,27.0,36.0,36.0,36.0,36.0
2024-11-26,validation,,,,,18.0,18.0,18.0,18.0
2024-11-27,test,,,,,9.0,9.0,9.0,9.0
2024-11-27,train,9.0,9.0,9.0,9.0,,,,
2024-11-28,validation,9.0,9.0,9.0,9.0,,,,
2024-11-29,train,,,,,26.0,26.0,26.0,26.0
2024-11-29,validation,9.0,9.0,9.0,9.0,,,,
2024-12-02,train,9.0,9.0,9.0,9.0,63.0,63.0,63.0,63.0
2024-12-02,validation,,,,,9.0,9.0,9.0,9.0
2024-12-03,test,,,,,18.0,18.0,18.0,18.0
2024-12-03,train,27.0,27.0,27.0,27.0,18.0,18.0,18.0,18.0
2024-12-03,validation,,,,,18.0,18.0,18.0,18.0
2024-12-04,test,9.0,9.0,9.0,9.0,,,,
2024-12-04,train,9.0,9.0,9.0,9.0,,,,
2024-12-05,test,,,,,9.0,9.0,9.0,9.0
2024-12-05,train,9.0,9.0,9.0,9.0,27.0,27.0,27.0,27.0
2024-12-05,validation,9.0,9.0,9.0,9.0,,,,
2024-12-06,validation,9.0,9.0,9.0,9.0,,,,
2024-12-09,train,27.0,27.0,27.0,27.0,63.0,63.0,63.0,63.0
2024-12-09,validation,,,,,18.0,18.0,18.0,18.0
2024-12-10,test,9.0,9.0,9.0,9.0,27.0,27.0,27.0,27.0
2024-12-10,train,18.0,18.0,18.0,18.0,18.0,18.0,18.0,18.0
2024-12-10,validation,,,,,9.0,9.0,9.0,9.0
2024-12-12,train,9.0,9.0,9.0,9.0,25.0,25.0,25.0,25.0
2024-12-13,validation,9.0,9.0,9.0,9.0,,,,
2024-12-16,train,9.0,9.0,9.0,9.0,45.0,45.0,45.0,45.0
2024-12-16,validation,,,,,9.0,9.0,9.0,9.0
2024-12-17,test,,,,,18.0,18.0,18.0,18.0
2024-12-17,train,27.0,27.0,27.0,27.0,27.0,27.0,27.0,27.0
2024-12-17,validation,,,,,17.0,17.0,17.0,17.0
2024-12-18,test,9.0,9.0,9.0,9.0,9.0,9.0,9.0,9.0
2024-12-18,train,9.0,9.0,9.0,9.0,9.0,9.0,9.0,9.0
2024-12-19,train,9.0,9.0,9.0,9.0,25.0,25.0,25.0,25.0
2024-12-19,validation,9.0,9.0,9.0,9.0,,,,
2024-12-23,train,27.0,27.0,27.0,27.0,63.0,63.0,63.0,63.0
2024-12-23,validation,,,,,26.0,26.0,26.0,26.0
2024-12-24,test,9.0,9.0,9.0,9.0,27.0,27.0,27.0,27.0
2024-12-24,train,18.0,18.0,18.0,18.0,27.0,27.0,27.0,27.0
2024-12-26,train,9.0,9.0,9.0,9.0,16.0,16.0,16.0,16.0
2024-12-27,validation,9.0,9.0,9.0,9.0,,,,
2024-12-30,train,27.0,27.0,27.0,27.0,45.0,45.0,45.0,45.0
2024-12-30,validation,,,,,9.0,9.0,9.0,9.0
2024-12-31,test,9.0,9.0,9.0,9.0,18.0,18.0,18.0,18.0
2024-12-31,train,18.0,18.0,18.0,18.0,9.0,9.0,9.0,9.0
2024-12-31,validation,,,,,17.0,17.0,17.0,17.0
2025-01-01,test,,,,,9.0,9.0,9.0,9.0
2025-01-01,train,,,,,27.0,27.0,27.0,27.0
2025-01-02,train,9.0,9.0,9.0,9.0,,,,
2025-01-03,train,,,,,25.0,25.0,25.0,25.0
2025-01-03,validation,9.0,9.0,9.0,9.0,,,,
2025-01-06,train,27.0,27.0,27.0,27.0,45.0,45.0,45.0,45.0
2025-01-06,validation,,,,,9.0,9.0,9.0,9.0
2025-01-07,test,9.0,9.0,9.0,9.0,26.0,26.0,26.0,26.0
2025-01-07,train,18.0,18.0,18.0,18.0,36.0,36.0,36.0,36.0
2025-01-07,validation,,,,,17.0,17.0,17.0,17.0
2025-01-08,train,9.0,9.0,9.0,9.0,,,,
2025-01-08,validation,9.0,9.0,9.0,9.0,,,,
2025-01-09,validation,9.0,9.0,9.0,9.0,,,,
2025-01-10,train,,,,,25.0,25.0,25.0,25.0
2025-01-13,train,18.0,18.0,18.0,18.0,45.0,45.0,45.0,45.0
2025-01-13,validation,,,,,9.0,9.0,9.0,9.0
2025-01-14,test,9.0,9.0,9.0,9.0,16.0,16.0,16.0,16.0
2025-01-14,train,26.0,26.0,26.0,26.0,27.0,27.0,27.0,27.0
2025-01-14,validation,,,,,17.0,17.0,17.0,17.0
2025-01-15,test,,,,,9.0,9.0,9.0,9.0
2025-01-15,train,9.0,9.0,9.0,9.0,9.0,9.0,9.0,9.0
2025-01-15,validation,9.0,9.0,9.0,9.0,,,,
2025-01-16,validation,9.0,9.0,9.0,9.0,,,,
2025-01-19,train,,,,,25.0,25.0,25.0,25.0
2025-01-20,train,16.0,16.0,16.0,16.0,45.0,45.0,45.0,45.0
2025-01-20,validation,,,,,9.0,9.0,9.0,9.0
2025-01-21,test,9.0,9.0,9.0,9.0,,,,
2025-01-21,train,9.0,9.0,9.0,9.0,9.0,9.0,9.0,9.0
2025-01-22,test,,,,,16.0,16.0,16.0,16.0
2025-01-22,train,18.0,18.0,18.0,18.0,18.0,18.0,18.0,18.0
2025-01-22,validation,9.0,9.0,9.0,9.0,,,,
2025-01-23,train,9.0,9.0,9.0,9.0,,,,
2025-01-23,validation,9.0,9.0,9.0,9.0,,,,
2025-01-25,train,9.0,9.0,9.0,9.0,,,,
2025-01-26,test,9.0,9.0,9.0,9.0,,,,
2025-01-26,train,16.0,16.0,16.0,16.0,24.0,24.0,24.0,24.0
2025-01-27,test,,,,,25.0,25.0,25.0,25.0
2025-01-27,train,,,,,9.0,9.0,9.0,9.0
2025-01-27,validation,,,,,17.0,17.0,17.0,17.0
2025-01-31,train,8.0,8.0,8.0,8.0,,,,
2025-02-01,validation,9.0,9.0,9.0,9.0,,,,
2025-02-03,train,9.0,9.0,9.0,9.0,45.0,45.0,45.0,45.0
2025-02-03,validation,,,,,9.0,9.0,9.0,9.0
2025-02-04,test,,,,,15.0,15.0,15.0,15.0
2025-02-04,train,25.0,25.0,25.0,25.0,27.0,27.0,27.0,27.0
2025-02-05,test,9.0,9.0,9.0,9.0,,,,
2025-02-05,train,9.0,9.0,9.0,9.0,,,,
2025-02-06,test,,,,,9.0,9.0,9.0,9.0
2025-02-06,train,8.0,8.0,8.0,8.0,9.0,9.0,9.0,9.0
2025-02-06,validation,,,,,16.0,16.0,16.0,16.0
2025-02-07,validation,9.0,9.0,9.0,9.0,,,,
2025-02-09,train,,,,,24.0,24.0,24.0,24.0
2025-02-10,train,26.0,26.0,26.0,26.0,45.0,45.0,45.0,45.0
2025-02-10,validation,,,,,9.0,9.0,9.0,9.0
2025-02-11,test,9.0,9.0,9.0,9.0,24.0,24.0,24.0,24.0
2025-02-11,train,18.0,18.0,18.0,18.0,27.0,27.0,27.0,27.0
2025-02-11,validation,,,,,16.0,16.0,16.0,16.0
2025-02-12,train,8.0,8.0,8.0,8.0,9.0,9.0,9.0,9.0
2025-02-13,validation,9.0,9.0,9.0,9.0,,,,
2025-02-14,train,,,,,24.0,24.0,24.0,24.0
2025-02-17,train,26.0,26.0,26.0,26.0,45.0,45.0,45.0,45.0
2025-02-17,validation,,,,,9.0,9.0,9.0,9.0
2025-02-18,test,9.0,9.0,9.0,9.0,15.0,15.0,15.0,15.0
2025-02-18,train,18.0,18.0,18.0,18.0,,,,
2025-02-19,train,8.0,8.0,8.0,8.0,27.0,27.0,27.0,27.0
2025-02-20,test,,,,,9.0,9.0,9.0,9.0
2025-02-20,train,,,,,9.0,9.0,9.0,9.0
2025-02-20,validation,9.0,9.0,9.0,9.0,16.0,16.0,16.0,16.0
2025-02-22,train,,,,,24.0,24.0,24.0,24.0
2025-02-24,train,18.0,18.0,18.0,18.0,45.0,45.0,45.0,45.0
2025-02-24,validation,,,,,9.0,9.0,9.0,9.0
2025-02-25,test,,,,,15.0,15.0,15.0,15.0
2025-02-25,train,9.0,9.0,9.0,9.0,24.0,24.0,24.0,24.0
2025-02-26,test,9.0,9.0,9.0,9.0,,,,
2025-02-26,train,9.0,9.0,9.0,9.0,,,,
2025-02-27,train,16.0,16.0,16.0,16.0,,,,
2025-02-28,test,,,,,9.0,9.0,9.0,9.0
2025-02-28,train,,,,,27.0,27.0,27.0,27.0
2025-02-28,validation,9.0,9.0,9.0,9.0,14.0,14.0,14.0,14.0
2025-03-03,train,17.0,17.0,17.0,17.0,45.0,45.0,45.0,45.0
2025-03-03,validation,,,,,9.0,9.0,9.0,9.0
2025-03-04,test,9.0,9.0,9.0,9.0,,,,
2025-03-04,train,18.0,18.0,18.0,18.0,9.0,9.0,9.0,9.0
2025-03-05,test,,,,,15.0,15.0,15.0,15.0
2025-03-05,train,17.0,17.0,17.0,17.0,24.0,24.0,24.0,24.0
2025-03-06,test,,,,,9.0,9.0,9.0,9.0
2025-03-06,train,,,,,9.0,9.0,9.0,9.0
2025-03-06,validation,,,,,14.0,14.0,14.0,14.0
2025-03-08,train,,,,,18.0,18.0,18.0,18.0
2025-03-10,train,26.0,26.0,26.0,26.0,45.0,45.0,45.0,45.0
2025-03-10,validation,,,,,9.0,9.0,9.0,9.0
2025-03-11,test,9.0,9.0,9.0,9.0,14.0,14.0,14.0,14.0
2025-03-11,train,18.0,18.0,18.0,18.0,9.0,9.0,9.0,9.0
2025-03-12,train,8.0,8.0,8.0,8.0,24.0,24.0,24.0,24.0
2025-03-13,validation,9.0,9.0,9.0,9.0,,,,
2025-03-14,test,,,,,9.0,9.0,9.0,9.0
2025-03-14,train,,,,,26.0,26.0,26.0,26.0
2025-03-14,validation,,,,,14.0,14.0,14.0,14.0
2025-03-17,train,9.0,9.0,9.0,9.0,45.0,45.0,45.0,45.0
2025-03-17,validation,,,,,9.0,9.0,9.0,9.0
2025-03-18,test,9.0,9.0,9.0,9.0,10.0,10.0,10.0,10.0
2025-03-18,train,18.0,18.0,18.0,18.0,33.0,33.0,33.0,33.0
2025-03-19,train,8.0,8.0,8.0,8.0,,,,
2025-03-20,test,,,,,9.0,9.0,9.0,9.0
2025-03-20,train,,,,,26.0,26.0,26.0,26.0
2025-03-20,validation,,,,,14.0,14.0,14.0,14.0
2025-03-22,validation,9.0,9.0,9.0,9.0,,,,
2025-03-24,train,,,,,45.0,45.0,45.0,45.0
2025-03-24,validation,,,,,9.0,9.0,9.0,9.0
2025-03-25,test,,,,,10.0,10.0,10.0,10.0
2025-03-25,train,18.0,18.0,18.0,18.0,9.0,9.0,9.0,9.0
2025-03-26,test,9.0,9.0,9.0,9.0,,,,
2025-03-26,train,9.0,9.0,9.0,9.0,,,,
2025-03-27,train,,,,,24.0,24.0,24.0,24.0
2025-03-28,test,,,,,9.0,9.0,9.0,9.0
2025-03-28,train,8.0,8.0,8.0,8.0,26.0,26.0,26.0,26.0
2025-03-28,validation,,,,,14.0,14.0,14.0,14.0
2025-03-29,validation,9.0,9.0,9.0,9.0,,,,
2025-03-31,train,,,,,45.0,45.0,45.0,45.0
2025-03-31,validation,,,,,9.0,9.0,9.0,9.0
2025-04-01,test,,,,,9.0,9.0,9.0,9.0
2025-04-01,train,17.0,17.0,17.0,17.0,9.0,9.0,9.0,9.0
2025-04-02,test,9.0,9.0,9.0,9.0,,,,
2025-04-02,train,17.0,17.0,17.0,17.0,24.0,24.0,24.0,24.0
2025-04-03,validation,9.0,9.0,9.0,9.0,,,,
2025-04-04,test,,,,,9.0,9.0,9.0,9.0
2025-04-04,train,,,,,26.0,26.0,26.0,26.0
2025-04-04,validation,,,,,14.0,14.0,14.0,14.0
2025-04-07,train,9.0,9.0,9.0,9.0,45.0,45.0,45.0,45.0
2025-04-07,validation,,,,,9.0,9.0,9.0,9.0
2025-04-08,test,9.0,9.0,9.0,9.0,13.0,13.0,13.0,13.0
2025-04-08,train,17.0,17.0,17.0,17.0,9.0,9.0,9.0,9.0
2025-04-09,train,,,,,24.0,24.0,24.0,24.0
2025-04-09,validation,9.0,9.0,9.0,9.0,,,,
2025-04-10,test,,,,,9.0,9.0,9.0,9.0
2025-04-10,train,,,,,26.0,26.0,26.0,26.0
2025-04-10,validation,,,,,14.0,14.0,14.0,14.0
2025-04-14,train,9.0,9.0,9.0,9.0,45.0,45.0,45.0,45.0
2025-04-14,validation,,,,,9.0,9.0,9.0,9.0
2025-04-15,test,9.0,9.0,9.0,9.0,,,,
2025-04-15,train,17.0,17.0,17.0,17.0,9.0,9.0,9.0,9.0
2025-04-16,validation,9.0,9.0,9.0,9.0,,,,
2025-04-18,train,,,,,17.0,17.0,17.0,17.0
2025-04-19,test,,,,,9.0,9.0,9.0,9.0
2025-04-19,train,,,,,25.0,25.0,25.0,25.0
2025-04-19,validation,,,,,13.0,13.0,13.0,13.0
2025-04-21,train,9.0,9.0,9.0,9.0,45.0,45.0,45.0,45.0
2025-04-21,validation,,,,,9.0,9.0,9.0,9.0
2025-04-22,test,9.0,9.0,9.0,9.0,,,,
2025-04-22,train,17.0,17.0,17.0,17.0,9.0,9.0,9.0,9.0
2025-04-23,validation,9.0,9.0,9.0,9.0,,,,
2025-04-24,train,,,,,9.0,9.0,9.0,9.0
2025-04-25,train,,,,,8.0,8.0,8.0,8.0
2025-04-26,test,,,,,9.0,9.0,9.0,9.0
2025-04-26,train,,,,,25.0,25.0,25.0,25.0
2025-04-26,validation,,,,,13.0,13.0,13.0,13.0
2025-04-28,train,9.0,9.0,9.0,9.0,54.0,54.0,54.0,54.0
2025-04-28,validation,,,,,9.0,9.0,9.0,9.0
2025-04-29,test,9.0,9.0,9.0,9.0,,,,
2025-04-29,train,17.0,17.0,17.0,17.0,17.0,17.0,17.0,17.0
2025-04-30,test,,,,,8.0,8.0,8.0,8.0
2025-04-30,train,,,,,24.0,24.0,24.0,24.0
2025-04-30,validation,9.0,9.0,9.0,9.0,11.0,11.0,11.0,11.0
2025-05-21,test,,,,,7.0,7.0,7.0,7.0
2025-05-21,train,,,,,16.0,16.0,16.0,16.0
2025-05-22,train,,,,,9.0,9.0,9.0,9.0
2025-05-23,train,9.0,9.0,9.0,9.0,27.0,27.0,27.0,27.0
2025-05-23,validation,,,,,9.0,9.0,9.0,9.0
2025-05-24,train,,,,,18.0,18.0,18.0,18.0
2025-05-25,train,8.0,8.0,8.0,8.0,,,,
2025-05-28,test,,,,,7.0,7.0,7.0,7.0
2025-05-29,train,5.0,5.0,5.0,5.0,54.0,54.0,54.0,54.0
2025-05-29,validation,,,,,9.0,9.0,9.0,9.0
2025-05-30,train,7.0,7.0,7.0,7.0,,,,
2025-06-05,train,,,,,54.0,54.0,54.0,54.0
2025-06-05,validation,,,,,9.0,9.0,9.0,9.0
2025-06-06,train,7.0,7.0,7.0,7.0,,,,
2025-06-07,train,5.0,5.0,5.0,5.0,,,,
2025-06-13,train,7.0,7.0,7.0,7.0,,,,
2025-08-06,train,9.0,9.0,0.0,9.0,,,,
2025-08-13,train,9.0,9.0,9.0,9.0,,,,
2025-08-20,train,9.0,9.0,9.0,9.0,,,,
2025-09-03,train,9.0,9.0,9.0,9.0,,,,
2025-09-10,test,9.0,4.0,0.0,9.0,,,,
2025-09-10,train,18.0,17.0,9.0,18.0,,,,
2025-09-17,test,9.0,9.0,4.0,9.0,,,,
2025-09-17,train,18.0,18.0,17.0,18.0,,,,
2025-09-23,test,8.0,8.0,0.0,8.0,,,,
2025-09-24,train,9.0,9.0,9.0,9.0,,,,
2025-10-01,test,9.0,9.0,7.0,9.0,,,,
2025-10-01,train,18.0,18.0,18.0,18.0,,,,
2025-10-08,test,9.0,9.0,9.0,9.0,,,,
2025-10-08,train,18.0,18.0,18.0,18.0,,,,
2025-10-11,test,9.0,9.0,9.0,9.0,,,,
2025-10-15,test,18.0,18.0,18.0,18.0,,,,
2025-10-20,train,4.0,4.0,4.0,4.0,,,,
2025-10-21,test,9.0,9.0,9.0,9.0,,,,
2025-10-21,validation,4.0,4.0,0.0,4.0,,,,
2025-10-27,test,9.0,9.0,9.0,9.0,,,,
2025-10-27,train,2.0,0.0,0.0,2.0,,,,
2025-10-28,validation,7.0,7.0,0.0,7.0,,,,
2025-11-04,train,6.0,2.0,0.0,6.0,,,,
2025-11-04,validation,2.0,2.0,2.0,2.0,,,,
2025-12-15,train,,,,,1.0,1.0,1.0,1.0
2025-12-22,train,,,,,1.0,1.0,1.0,1.0
2025-12-29,train,,,,,1.0,1.0,1.0,1.0
2026-01-05,train,,,,,1.0,1.0,1.0,1.0
2026-01-12,train,,,,,1.0,1.0,1.0,1.0
2026-01-19,train,,,,,2.0,2.0,2.0,2.0
2026-01-26,train,,,,,2.0,2.0,2.0,2.0
2026-02-02,train,,,,,2.0,2.0,2.0,2.0
2026-02-10,train,,,,,1.0,1.0,1.0,1.0
2026-02-20,train,,,,,1.0,1.0,1.0,1.0
2026-02-25,train,,,,,3.0,3.0,3.0,3.0
2026-03-04,train,,,,,1.0,1.0,1.0,1.0
2026-03-05,train,,,,,3.0,3.0,3.0,3.0
2026-03-11,train,,,,,7.0,7.0,7.0,7.0
2026-03-12,train,,,,,3.0,3.0,3.0,3.0
2026-03-18,train,,,,,6.0,6.0,6.0,6.0
2026-03-19,train,,,,,6.0,6.0,6.0,6.0
2026-03-25,train,,,,,13.0,13.0,13.0,13.0
2026-03-26,train,,,,,16.0,16.0,16.0,16.0
2026-04-01,train,,,,,15.0,15.0,15.0,15.0
2026-04-02,train,,,,,17.0,17.0,17.0,17.0
2026-04-07,train,,,,,7.0,7.0,7.0,7.0
2026-04-08,test,,,,,9.0,9.0,9.0,9.0
2026-04-08,train,,,,,24.0,24.0,24.0,24.0
2026-04-09,train,,,,,26.0,26.0,26.0,26.0
2026-04-14,train,,,,,7.0,7.0,7.0,7.0
2026-04-15,test,,,,,9.0,9.0,9.0,9.0
2026-04-15,train,,,,,25.0,25.0,25.0,25.0
2026-04-16,train,,,,,27.0,27.0,27.0,27.0
2026-04-16,validation,,,,,9.0,9.0,9.0,9.0
2026-04-21,train,,,,,7.0,7.0,7.0,7.0
2026-04-22,test,,,,,9.0,9.0,9.0,9.0
2026-04-22,train,,,,,24.0,24.0,24.0,24.0
2026-04-23,train,,,,,26.0,26.0,26.0,26.0
2026-04-23,validation,,,,,9.0,9.0,9.0,9.0
2026-04-27,train,,,,,7.0,7.0,7.0,7.0
2026-04-29,test,,,,,9.0,9.0,9.0,9.0
2026-04-29,train,,,,,24.0,24.0,24.0,24.0
2026-04-30,train,,,,,26.0,26.0,26.0,26.0
2026-04-30,validation,,,,,9.0,9.0,9.0,9.0
2026-05-05,train,,,,,15.0,15.0,15.0,15.0
2026-05-06,train,,,,,16.0,16.0,16.0,16.0
2026-05-07,test,,,,,9.0,9.0,9.0,9.0
2026-05-07,train,,,,,17.0,17.0,17.0,17.0
2026-05-07,validation,,,,,9.0,9.0,9.0,9.0
2026-05-12,train,,,,,7.0,7.0,7.0,7.0
2026-05-13,train,,,,,16.0,16.0,16.0,16.0
2026-05-14,test,,,,,9.0,9.0,9.0,9.0
2026-05-14,train,,,,,22.0,22.0,22.0,22.0
2026-05-19,train,,,,,7.0,7.0,7.0,7.0
2026-05-20,test,,,,,9.0,9.0,9.0,9.0
2026-05-20,train,,,,,24.0,24.0,24.0,24.0
2026-05-21,train,,,,,14.0,14.0,14.0,14.0
2026-05-26,train,,,,,7.0,7.0,7.0,7.0
2026-05-27,test,,,,,9.0,9.0,9.0,9.0
2026-05-27,train,,,,,9.0,9.0,9.0,9.0
2026-06-02,train,,,,,9.0,9.0,9.0,9.0
2026-06-03,test,,,,,9.0,9.0,9.0,9.0
2026-08-12,train,7.0,5.0,0.0,7.0,,,,
