Target_ID,Model_Type,Seed,Base_Group_ID,Added_Group_ID,Category_ID,RMSE_Difference,Eval_Row_Hash,Interpretation
tomato_total_flower,poisson,42,VG_Flower_037,VG_Flower_020,CAT_006,0.00026956138504807825,17e5567b9df86880c6ff4471598079cf7e4c292f0e934f11f0efcf2e29aa0d5f,"association after per-group tuning, not causal effect"
tomato_total_flower,catboost,42,VG_Flower_037,VG_Flower_020,CAT_006,-0.00772974018581829,17e5567b9df86880c6ff4471598079cf7e4c292f0e934f11f0efcf2e29aa0d5f,"association after per-group tuning, not causal effect"
tomato_total_flower,tft,72,VG_Flower_038,VG_Flower_020,CAT_003,0.016360068864875288,17e5567b9df86880c6ff4471598079cf7e4c292f0e934f11f0efcf2e29aa0d5f,"association after per-group tuning, not causal effect"
tomato_total_flower,poisson,72,VG_Flower_037,VG_Flower_020,CAT_006,0.00026956138504807825,17e5567b9df86880c6ff4471598079cf7e4c292f0e934f11f0efcf2e29aa0d5f,"association after per-group tuning, not causal effect"
tomato_total_flower,tft,62,VG_Flower_038,VG_Flower_020,CAT_003,-0.049135828953718264,17e5567b9df86880c6ff4471598079cf7e4c292f0e934f11f0efcf2e29aa0d5f,"association after per-group tuning, not causal effect"
tomato_total_flower,poisson,62,VG_Flower_027,VG_Flower_032,CAT_006,0.0003411812964839722,17e5567b9df86880c6ff4471598079cf7e4c292f0e934f11f0efcf2e29aa0d5f,"association after per-group tuning, not causal effect"
tomato_total_flower,catboost,72,VG_Flower_038,VG_Flower_020,CAT_003,-0.01663051542311078,17e5567b9df86880c6ff4471598079cf7e4c292f0e934f11f0efcf2e29aa0d5f,"association after per-group tuning, not causal effect"
tomato_total_flower,mlp,42,VG_Flower_027,VG_Flower_032,CAT_006,-0.01914272303497655,17e5567b9df86880c6ff4471598079cf7e4c292f0e934f11f0efcf2e29aa0d5f,"association after per-group tuning, not causal effect"
tomato_total_flower,mlp,82,VG_Flower_038,VG_Flower_020,CAT_003,-0.08081448308311479,17e5567b9df86880c6ff4471598079cf7e4c292f0e934f11f0efcf2e29aa0d5f,"association after per-group tuning, not causal effect"
tomato_total_flower,mlp,82,VG_Flower_037,VG_Flower_020,CAT_006,-0.009382561297729186,17e5567b9df86880c6ff4471598079cf7e4c292f0e934f11f0efcf2e29aa0d5f,"association after per-group tuning, not causal effect"
tomato_total_flower,random_forest,52,VG_Flower_037,VG_Flower_020,CAT_006,-0.04134667888155685,17e5567b9df86880c6ff4471598079cf7e4c292f0e934f11f0efcf2e29aa0d5f,"association after per-group tuning, not causal effect"
tomato_total_flower,tft,82,VG_Flower_038,VG_Flower_020,CAT_003,-0.01596122295828417,17e5567b9df86880c6ff4471598079cf7e4c292f0e934f11f0efcf2e29aa0d5f,"association after per-group tuning, not causal effect"
tomato_total_flower,poisson,42,VG_Flower_038,VG_Flower_020,CAT_003,-0.002529515578923558,17e5567b9df86880c6ff4471598079cf7e4c292f0e934f11f0efcf2e29aa0d5f,"association after per-group tuning, not causal effect"
tomato_total_flower,poisson,62,VG_Flower_037,VG_Flower_020,CAT_006,0.00026956138504807825,17e5567b9df86880c6ff4471598079cf7e4c292f0e934f11f0efcf2e29aa0d5f,"association after per-group tuning, not causal effect"
tomato_total_flower,catboost,72,VG_Flower_027,VG_Flower_032,CAT_006,-0.02893197562725458,17e5567b9df86880c6ff4471598079cf7e4c292f0e934f11f0efcf2e29aa0d5f,"association after per-group tuning, not causal effect"
tomato_total_flower,tabm,62,VG_Flower_027,VG_Flower_032,CAT_006,-0.12708383161063752,17e5567b9df86880c6ff4471598079cf7e4c292f0e934f11f0efcf2e29aa0d5f,"association after per-group tuning, not causal effect"
tomato_total_flower,poisson,72,VG_Flower_038,VG_Flower_020,CAT_003,-0.002529515578923558,17e5567b9df86880c6ff4471598079cf7e4c292f0e934f11f0efcf2e29aa0d5f,"association after per-group tuning, not causal effect"
tomato_total_flower,random_forest,72,VG_Flower_038,VG_Flower_020,CAT_003,-0.05013966188656882,17e5567b9df86880c6ff4471598079cf7e4c292f0e934f11f0efcf2e29aa0d5f,"association after per-group tuning, not causal effect"
tomato_total_flower,random_forest,72,VG_Flower_037,VG_Flower_020,CAT_006,-0.04429265388733805,17e5567b9df86880c6ff4471598079cf7e4c292f0e934f11f0efcf2e29aa0d5f,"association after per-group tuning, not causal effect"
tomato_total_flower,random_forest,72,VG_Flower_027,VG_Flower_032,CAT_006,0.0007053596904444959,17e5567b9df86880c6ff4471598079cf7e4c292f0e934f11f0efcf2e29aa0d5f,"association after per-group tuning, not causal effect"
tomato_total_flower,catboost,62,VG_Flower_038,VG_Flower_020,CAT_003,-0.013742884700045588,17e5567b9df86880c6ff4471598079cf7e4c292f0e934f11f0efcf2e29aa0d5f,"association after per-group tuning, not causal effect"
tomato_total_flower,tft,72,VG_Flower_037,VG_Flower_020,CAT_006,0.007893485776778952,17e5567b9df86880c6ff4471598079cf7e4c292f0e934f11f0efcf2e29aa0d5f,"association after per-group tuning, not causal effect"
tomato_total_flower,mlp,52,VG_Flower_027,VG_Flower_032,CAT_006,-0.0010908722279199257,17e5567b9df86880c6ff4471598079cf7e4c292f0e934f11f0efcf2e29aa0d5f,"association after per-group tuning, not causal effect"
tomato_total_flower,random_forest,42,VG_Flower_037,VG_Flower_020,CAT_006,-0.04122527041239499,17e5567b9df86880c6ff4471598079cf7e4c292f0e934f11f0efcf2e29aa0d5f,"association after per-group tuning, not causal effect"
tomato_total_flower,tabm,82,VG_Flower_038,VG_Flower_020,CAT_003,0.04014393893500823,17e5567b9df86880c6ff4471598079cf7e4c292f0e934f11f0efcf2e29aa0d5f,"association after per-group tuning, not causal effect"
tomato_total_flower,tabm,62,VG_Flower_038,VG_Flower_020,CAT_003,-0.0018032432474812676,17e5567b9df86880c6ff4471598079cf7e4c292f0e934f11f0efcf2e29aa0d5f,"association after per-group tuning, not causal effect"
tomato_total_flower,poisson,72,VG_Flower_027,VG_Flower_032,CAT_006,0.0003411812964839722,17e5567b9df86880c6ff4471598079cf7e4c292f0e934f11f0efcf2e29aa0d5f,"association after per-group tuning, not causal effect"
tomato_total_flower,poisson,82,VG_Flower_037,VG_Flower_020,CAT_006,0.00026956138504807825,17e5567b9df86880c6ff4471598079cf7e4c292f0e934f11f0efcf2e29aa0d5f,"association after per-group tuning, not causal effect"
tomato_total_flower,catboost,52,VG_Flower_027,VG_Flower_032,CAT_006,-0.028351513587677513,17e5567b9df86880c6ff4471598079cf7e4c292f0e934f11f0efcf2e29aa0d5f,"association after per-group tuning, not causal effect"
tomato_total_flower,tabm,72,VG_Flower_038,VG_Flower_020,CAT_003,0.050820609888698076,17e5567b9df86880c6ff4471598079cf7e4c292f0e934f11f0efcf2e29aa0d5f,"association after per-group tuning, not causal effect"
tomato_total_flower,mlp,72,VG_Flower_038,VG_Flower_020,CAT_003,-0.05908399637496542,17e5567b9df86880c6ff4471598079cf7e4c292f0e934f11f0efcf2e29aa0d5f,"association after per-group tuning, not causal effect"
tomato_total_flower,random_forest,52,VG_Flower_038,VG_Flower_020,CAT_003,-0.051283976816657084,17e5567b9df86880c6ff4471598079cf7e4c292f0e934f11f0efcf2e29aa0d5f,"association after per-group tuning, not causal effect"
tomato_total_flower,catboost,82,VG_Flower_037,VG_Flower_020,CAT_006,0.0066546589179810045,17e5567b9df86880c6ff4471598079cf7e4c292f0e934f11f0efcf2e29aa0d5f,"association after per-group tuning, not causal effect"
tomato_total_flower,tabm,42,VG_Flower_037,VG_Flower_020,CAT_006,0.07158433857894697,17e5567b9df86880c6ff4471598079cf7e4c292f0e934f11f0efcf2e29aa0d5f,"association after per-group tuning, not causal effect"
tomato_total_flower,tft,42,VG_Flower_037,VG_Flower_020,CAT_006,-0.004619931369784336,17e5567b9df86880c6ff4471598079cf7e4c292f0e934f11f0efcf2e29aa0d5f,"association after per-group tuning, not causal effect"
tomato_total_flower,mlp,52,VG_Flower_038,VG_Flower_020,CAT_003,-0.053288296610105146,17e5567b9df86880c6ff4471598079cf7e4c292f0e934f11f0efcf2e29aa0d5f,"association after per-group tuning, not causal effect"
tomato_total_flower,poisson,52,VG_Flower_027,VG_Flower_032,CAT_006,0.0003411812964839722,17e5567b9df86880c6ff4471598079cf7e4c292f0e934f11f0efcf2e29aa0d5f,"association after per-group tuning, not causal effect"
tomato_total_flower,catboost,72,VG_Flower_037,VG_Flower_020,CAT_006,-0.0010299713535630861,17e5567b9df86880c6ff4471598079cf7e4c292f0e934f11f0efcf2e29aa0d5f,"association after per-group tuning, not causal effect"
tomato_total_flower,poisson,82,VG_Flower_038,VG_Flower_020,CAT_003,-0.002529515578923558,17e5567b9df86880c6ff4471598079cf7e4c292f0e934f11f0efcf2e29aa0d5f,"association after per-group tuning, not causal effect"
tomato_total_flower,random_forest,62,VG_Flower_038,VG_Flower_020,CAT_003,-0.0490336661980979,17e5567b9df86880c6ff4471598079cf7e4c292f0e934f11f0efcf2e29aa0d5f,"association after per-group tuning, not causal effect"
tomato_total_flower,random_forest,52,VG_Flower_027,VG_Flower_032,CAT_006,-0.0010771235238284937,17e5567b9df86880c6ff4471598079cf7e4c292f0e934f11f0efcf2e29aa0d5f,"association after per-group tuning, not causal effect"
tomato_total_flower,tabm,52,VG_Flower_027,VG_Flower_032,CAT_006,0.04394276241706074,17e5567b9df86880c6ff4471598079cf7e4c292f0e934f11f0efcf2e29aa0d5f,"association after per-group tuning, not causal effect"
tomato_total_flower,tft,82,VG_Flower_037,VG_Flower_020,CAT_006,-0.023145433448056973,17e5567b9df86880c6ff4471598079cf7e4c292f0e934f11f0efcf2e29aa0d5f,"association after per-group tuning, not causal effect"
tomato_total_flower,poisson,62,VG_Flower_038,VG_Flower_020,CAT_003,-0.002529515578923558,17e5567b9df86880c6ff4471598079cf7e4c292f0e934f11f0efcf2e29aa0d5f,"association after per-group tuning, not causal effect"
tomato_total_flower,mlp,62,VG_Flower_037,VG_Flower_020,CAT_006,-0.007774818667384942,17e5567b9df86880c6ff4471598079cf7e4c292f0e934f11f0efcf2e29aa0d5f,"association after per-group tuning, not causal effect"
tomato_total_flower,poisson,42,VG_Flower_027,VG_Flower_032,CAT_006,0.0003411812964839722,17e5567b9df86880c6ff4471598079cf7e4c292f0e934f11f0efcf2e29aa0d5f,"association after per-group tuning, not causal effect"
tomato_total_flower,tabm,82,VG_Flower_027,VG_Flower_032,CAT_006,0.042929600788521816,17e5567b9df86880c6ff4471598079cf7e4c292f0e934f11f0efcf2e29aa0d5f,"association after per-group tuning, not causal effect"
tomato_total_flower,catboost,62,VG_Flower_027,VG_Flower_032,CAT_006,-0.026654655114140002,17e5567b9df86880c6ff4471598079cf7e4c292f0e934f11f0efcf2e29aa0d5f,"association after per-group tuning, not causal effect"
tomato_total_flower,mlp,82,VG_Flower_027,VG_Flower_032,CAT_006,-0.028588125886911397,17e5567b9df86880c6ff4471598079cf7e4c292f0e934f11f0efcf2e29aa0d5f,"association after per-group tuning, not causal effect"
tomato_total_flower,poisson,82,VG_Flower_027,VG_Flower_032,CAT_006,0.0003411812964839722,17e5567b9df86880c6ff4471598079cf7e4c292f0e934f11f0efcf2e29aa0d5f,"association after per-group tuning, not causal effect"
tomato_total_flower,tft,82,VG_Flower_027,VG_Flower_032,CAT_006,0.030920270967859542,17e5567b9df86880c6ff4471598079cf7e4c292f0e934f11f0efcf2e29aa0d5f,"association after per-group tuning, not causal effect"
tomato_total_flower,random_forest,62,VG_Flower_027,VG_Flower_032,CAT_006,0.009453489485695465,17e5567b9df86880c6ff4471598079cf7e4c292f0e934f11f0efcf2e29aa0d5f,"association after per-group tuning, not causal effect"
tomato_total_flower,catboost,42,VG_Flower_027,VG_Flower_032,CAT_006,-0.01730823247026736,17e5567b9df86880c6ff4471598079cf7e4c292f0e934f11f0efcf2e29aa0d5f,"association after per-group tuning, not causal effect"
tomato_total_flower,tabm,62,VG_Flower_037,VG_Flower_020,CAT_006,-0.05601448166882639,17e5567b9df86880c6ff4471598079cf7e4c292f0e934f11f0efcf2e29aa0d5f,"association after per-group tuning, not causal effect"
tomato_total_flower,mlp,42,VG_Flower_038,VG_Flower_020,CAT_003,-0.09545032331597536,17e5567b9df86880c6ff4471598079cf7e4c292f0e934f11f0efcf2e29aa0d5f,"association after per-group tuning, not causal effect"
tomato_total_flower,mlp,52,VG_Flower_037,VG_Flower_020,CAT_006,0.02597239490542247,17e5567b9df86880c6ff4471598079cf7e4c292f0e934f11f0efcf2e29aa0d5f,"association after per-group tuning, not causal effect"
tomato_total_flower,catboost,82,VG_Flower_038,VG_Flower_020,CAT_003,-0.01549335716997624,17e5567b9df86880c6ff4471598079cf7e4c292f0e934f11f0efcf2e29aa0d5f,"association after per-group tuning, not causal effect"
tomato_total_flower,tabm,42,VG_Flower_027,VG_Flower_032,CAT_006,-0.006956800087983606,17e5567b9df86880c6ff4471598079cf7e4c292f0e934f11f0efcf2e29aa0d5f,"association after per-group tuning, not causal effect"
tomato_total_flower,catboost,82,VG_Flower_027,VG_Flower_032,CAT_006,-0.02371670901362788,17e5567b9df86880c6ff4471598079cf7e4c292f0e934f11f0efcf2e29aa0d5f,"association after per-group tuning, not causal effect"
tomato_total_flower,catboost,42,VG_Flower_038,VG_Flower_020,CAT_003,-0.017201485785077963,17e5567b9df86880c6ff4471598079cf7e4c292f0e934f11f0efcf2e29aa0d5f,"association after per-group tuning, not causal effect"
tomato_total_flower,mlp,62,VG_Flower_027,VG_Flower_032,CAT_006,-0.02369494272273509,17e5567b9df86880c6ff4471598079cf7e4c292f0e934f11f0efcf2e29aa0d5f,"association after per-group tuning, not causal effect"
tomato_total_flower,random_forest,82,VG_Flower_037,VG_Flower_020,CAT_006,-0.043272118746124244,17e5567b9df86880c6ff4471598079cf7e4c292f0e934f11f0efcf2e29aa0d5f,"association after per-group tuning, not causal effect"
tomato_total_flower,tft,72,VG_Flower_027,VG_Flower_032,CAT_006,0.017414133152029,17e5567b9df86880c6ff4471598079cf7e4c292f0e934f11f0efcf2e29aa0d5f,"association after per-group tuning, not causal effect"
tomato_total_flower,random_forest,82,VG_Flower_038,VG_Flower_020,CAT_003,-0.04802169252755806,17e5567b9df86880c6ff4471598079cf7e4c292f0e934f11f0efcf2e29aa0d5f,"association after per-group tuning, not causal effect"
tomato_total_flower,catboost,62,VG_Flower_037,VG_Flower_020,CAT_006,-0.012098621349579064,17e5567b9df86880c6ff4471598079cf7e4c292f0e934f11f0efcf2e29aa0d5f,"association after per-group tuning, not causal effect"
tomato_total_flower,mlp,42,VG_Flower_037,VG_Flower_020,CAT_006,0.01329113989923525,17e5567b9df86880c6ff4471598079cf7e4c292f0e934f11f0efcf2e29aa0d5f,"association after per-group tuning, not causal effect"
tomato_total_flower,mlp,62,VG_Flower_038,VG_Flower_020,CAT_003,-0.08386076840858081,17e5567b9df86880c6ff4471598079cf7e4c292f0e934f11f0efcf2e29aa0d5f,"association after per-group tuning, not causal effect"
tomato_total_flower,tft,52,VG_Flower_027,VG_Flower_032,CAT_006,-0.017918576148313825,17e5567b9df86880c6ff4471598079cf7e4c292f0e934f11f0efcf2e29aa0d5f,"association after per-group tuning, not causal effect"
tomato_total_flower,random_forest,42,VG_Flower_038,VG_Flower_020,CAT_003,-0.04414761264333045,17e5567b9df86880c6ff4471598079cf7e4c292f0e934f11f0efcf2e29aa0d5f,"association after per-group tuning, not causal effect"
tomato_total_flower,random_forest,62,VG_Flower_037,VG_Flower_020,CAT_006,-0.040644878485215585,17e5567b9df86880c6ff4471598079cf7e4c292f0e934f11f0efcf2e29aa0d5f,"association after per-group tuning, not causal effect"
tomato_total_flower,tft,42,VG_Flower_027,VG_Flower_032,CAT_006,-0.04433945149077023,17e5567b9df86880c6ff4471598079cf7e4c292f0e934f11f0efcf2e29aa0d5f,"association after per-group tuning, not causal effect"
tomato_total_flower,tft,62,VG_Flower_037,VG_Flower_020,CAT_006,-0.03452207025378584,17e5567b9df86880c6ff4471598079cf7e4c292f0e934f11f0efcf2e29aa0d5f,"association after per-group tuning, not causal effect"
tomato_total_flower,tabm,52,VG_Flower_037,VG_Flower_020,CAT_006,0.01860590594052014,17e5567b9df86880c6ff4471598079cf7e4c292f0e934f11f0efcf2e29aa0d5f,"association after per-group tuning, not causal effect"
tomato_total_flower,catboost,52,VG_Flower_037,VG_Flower_020,CAT_006,-0.0034574226287344967,17e5567b9df86880c6ff4471598079cf7e4c292f0e934f11f0efcf2e29aa0d5f,"association after per-group tuning, not causal effect"
tomato_total_flower,mlp,72,VG_Flower_037,VG_Flower_020,CAT_006,-0.01571550972312541,17e5567b9df86880c6ff4471598079cf7e4c292f0e934f11f0efcf2e29aa0d5f,"association after per-group tuning, not causal effect"
tomato_total_flower,tabm,52,VG_Flower_038,VG_Flower_020,CAT_003,-0.1217921091057812,17e5567b9df86880c6ff4471598079cf7e4c292f0e934f11f0efcf2e29aa0d5f,"association after per-group tuning, not causal effect"
tomato_total_flower,poisson,52,VG_Flower_038,VG_Flower_020,CAT_003,-0.002529515578923558,17e5567b9df86880c6ff4471598079cf7e4c292f0e934f11f0efcf2e29aa0d5f,"association after per-group tuning, not causal effect"
tomato_total_flower,tabm,42,VG_Flower_038,VG_Flower_020,CAT_003,0.09879997079240921,17e5567b9df86880c6ff4471598079cf7e4c292f0e934f11f0efcf2e29aa0d5f,"association after per-group tuning, not causal effect"
tomato_total_flower,mlp,72,VG_Flower_027,VG_Flower_032,CAT_006,0.0004559054730477463,17e5567b9df86880c6ff4471598079cf7e4c292f0e934f11f0efcf2e29aa0d5f,"association after per-group tuning, not causal effect"
tomato_total_flower,tabm,82,VG_Flower_037,VG_Flower_020,CAT_006,0.06595645202383671,17e5567b9df86880c6ff4471598079cf7e4c292f0e934f11f0efcf2e29aa0d5f,"association after per-group tuning, not causal effect"
tomato_total_flower,tft,42,VG_Flower_038,VG_Flower_020,CAT_003,-0.007605142687135524,17e5567b9df86880c6ff4471598079cf7e4c292f0e934f11f0efcf2e29aa0d5f,"association after per-group tuning, not causal effect"
tomato_total_flower,tabm,72,VG_Flower_027,VG_Flower_032,CAT_006,0.04789837635342353,17e5567b9df86880c6ff4471598079cf7e4c292f0e934f11f0efcf2e29aa0d5f,"association after per-group tuning, not causal effect"
tomato_total_flower,tft,52,VG_Flower_037,VG_Flower_020,CAT_006,0.0007069149494085547,17e5567b9df86880c6ff4471598079cf7e4c292f0e934f11f0efcf2e29aa0d5f,"association after per-group tuning, not causal effect"
tomato_total_flower,random_forest,42,VG_Flower_027,VG_Flower_032,CAT_006,0.005081609500286577,17e5567b9df86880c6ff4471598079cf7e4c292f0e934f11f0efcf2e29aa0d5f,"association after per-group tuning, not causal effect"
tomato_total_flower,poisson,52,VG_Flower_037,VG_Flower_020,CAT_006,0.00026956138504807825,17e5567b9df86880c6ff4471598079cf7e4c292f0e934f11f0efcf2e29aa0d5f,"association after per-group tuning, not causal effect"
tomato_total_flower,tft,62,VG_Flower_027,VG_Flower_032,CAT_006,-0.04610034706409816,17e5567b9df86880c6ff4471598079cf7e4c292f0e934f11f0efcf2e29aa0d5f,"association after per-group tuning, not causal effect"
tomato_total_flower,tft,52,VG_Flower_038,VG_Flower_020,CAT_003,-0.001253334082081059,17e5567b9df86880c6ff4471598079cf7e4c292f0e934f11f0efcf2e29aa0d5f,"association after per-group tuning, not causal effect"
tomato_total_flower,random_forest,82,VG_Flower_027,VG_Flower_032,CAT_006,0.003469548984026849,17e5567b9df86880c6ff4471598079cf7e4c292f0e934f11f0efcf2e29aa0d5f,"association after per-group tuning, not causal effect"
tomato_total_flower,catboost,52,VG_Flower_038,VG_Flower_020,CAT_003,-0.011536299101009284,17e5567b9df86880c6ff4471598079cf7e4c292f0e934f11f0efcf2e29aa0d5f,"association after per-group tuning, not causal effect"
tomato_total_flower,tabm,72,VG_Flower_037,VG_Flower_020,CAT_006,-0.0010595012296368278,17e5567b9df86880c6ff4471598079cf7e4c292f0e934f11f0efcf2e29aa0d5f,"association after per-group tuning, not causal effect"
strawberry_third,poisson,82,VG_Fruit_019,VG_Fruit_008,CAT_040,0.00047074225281495963,2b1061385894320d8d42a4d2d7d6db17a92650aecb7639bf7be4c58616eee648,"association after per-group tuning, not causal effect"
strawberry_third,mlp,82,VG_Fruit_013,VG_Fruit_019,CAT_032,-0.004405967246173814,2b1061385894320d8d42a4d2d7d6db17a92650aecb7639bf7be4c58616eee648,"association after per-group tuning, not causal effect"
strawberry_third,mlp,82,VG_Fruit_013,VG_Fruit_015,CAT_040,-0.04321764772182268,2b1061385894320d8d42a4d2d7d6db17a92650aecb7639bf7be4c58616eee648,"association after per-group tuning, not causal effect"
strawberry_third,catboost,42,VG_Fruit_013,VG_Fruit_015,CAT_040,-0.05711956328389267,2b1061385894320d8d42a4d2d7d6db17a92650aecb7639bf7be4c58616eee648,"association after per-group tuning, not causal effect"
strawberry_third,catboost,42,VG_Fruit_013,VG_Fruit_019,CAT_032,-0.04632517889573018,2b1061385894320d8d42a4d2d7d6db17a92650aecb7639bf7be4c58616eee648,"association after per-group tuning, not causal effect"
strawberry_third,mlp,52,VG_Fruit_013,VG_Fruit_015,CAT_040,-0.003474512574894728,2b1061385894320d8d42a4d2d7d6db17a92650aecb7639bf7be4c58616eee648,"association after per-group tuning, not causal effect"
strawberry_third,mlp,52,VG_Fruit_013,VG_Fruit_019,CAT_032,-0.03554599063796715,2b1061385894320d8d42a4d2d7d6db17a92650aecb7639bf7be4c58616eee648,"association after per-group tuning, not causal effect"
strawberry_third,catboost,62,VG_Fruit_015,VG_Fruit_008,CAT_032,0.003403239987253337,2b1061385894320d8d42a4d2d7d6db17a92650aecb7639bf7be4c58616eee648,"association after per-group tuning, not causal effect"
strawberry_third,poisson,62,VG_Fruit_013,VG_Fruit_015,CAT_040,-0.0007192473890049733,2b1061385894320d8d42a4d2d7d6db17a92650aecb7639bf7be4c58616eee648,"association after per-group tuning, not causal effect"
strawberry_third,poisson,62,VG_Fruit_013,VG_Fruit_019,CAT_032,-0.006717105561556913,2b1061385894320d8d42a4d2d7d6db17a92650aecb7639bf7be4c58616eee648,"association after per-group tuning, not causal effect"
strawberry_third,tft,52,VG_Fruit_019,VG_Fruit_008,CAT_040,0.009560890001839462,2b1061385894320d8d42a4d2d7d6db17a92650aecb7639bf7be4c58616eee648,"association after per-group tuning, not causal effect"
strawberry_third,poisson,72,VG_Fruit_013,VG_Fruit_015,CAT_040,-0.0007192473890049733,2b1061385894320d8d42a4d2d7d6db17a92650aecb7639bf7be4c58616eee648,"association after per-group tuning, not causal effect"
strawberry_third,poisson,72,VG_Fruit_013,VG_Fruit_019,CAT_032,-0.006717105561556913,2b1061385894320d8d42a4d2d7d6db17a92650aecb7639bf7be4c58616eee648,"association after per-group tuning, not causal effect"
strawberry_third,tft,72,VG_Fruit_015,VG_Fruit_008,CAT_032,-0.00439982299003594,2b1061385894320d8d42a4d2d7d6db17a92650aecb7639bf7be4c58616eee648,"association after per-group tuning, not causal effect"
strawberry_third,random_forest,72,VG_Fruit_019,VG_Fruit_008,CAT_040,0.005424250244904227,2b1061385894320d8d42a4d2d7d6db17a92650aecb7639bf7be4c58616eee648,"association after per-group tuning, not causal effect"
strawberry_third,tft,52,VG_Fruit_013,VG_Fruit_019,CAT_032,-0.07314954053670963,2b1061385894320d8d42a4d2d7d6db17a92650aecb7639bf7be4c58616eee648,"association after per-group tuning, not causal effect"
strawberry_third,tft,52,VG_Fruit_013,VG_Fruit_015,CAT_040,0.012022642486791524,2b1061385894320d8d42a4d2d7d6db17a92650aecb7639bf7be4c58616eee648,"association after per-group tuning, not causal effect"
strawberry_third,tft,62,VG_Fruit_013,VG_Fruit_019,CAT_032,-0.024489930152100436,2b1061385894320d8d42a4d2d7d6db17a92650aecb7639bf7be4c58616eee648,"association after per-group tuning, not causal effect"
strawberry_third,tft,62,VG_Fruit_013,VG_Fruit_015,CAT_040,-0.028074624939698034,2b1061385894320d8d42a4d2d7d6db17a92650aecb7639bf7be4c58616eee648,"association after per-group tuning, not causal effect"
strawberry_third,tabm,52,VG_Fruit_019,VG_Fruit_008,CAT_040,-0.0861159225319511,2b1061385894320d8d42a4d2d7d6db17a92650aecb7639bf7be4c58616eee648,"association after per-group tuning, not causal effect"
strawberry_third,mlp,42,VG_Fruit_013,VG_Fruit_015,CAT_040,-0.006929858122381782,2b1061385894320d8d42a4d2d7d6db17a92650aecb7639bf7be4c58616eee648,"association after per-group tuning, not causal effect"
strawberry_third,mlp,42,VG_Fruit_013,VG_Fruit_019,CAT_032,0.03486323139932179,2b1061385894320d8d42a4d2d7d6db17a92650aecb7639bf7be4c58616eee648,"association after per-group tuning, not causal effect"
strawberry_third,tft,62,VG_Fruit_019,VG_Fruit_008,CAT_040,-0.01675346947316525,2b1061385894320d8d42a4d2d7d6db17a92650aecb7639bf7be4c58616eee648,"association after per-group tuning, not causal effect"
strawberry_third,tft,82,VG_Fruit_013,VG_Fruit_015,CAT_040,-0.003766952799440615,2b1061385894320d8d42a4d2d7d6db17a92650aecb7639bf7be4c58616eee648,"association after per-group tuning, not causal effect"
strawberry_third,tft,82,VG_Fruit_013,VG_Fruit_019,CAT_032,0.03139920720871969,2b1061385894320d8d42a4d2d7d6db17a92650aecb7639bf7be4c58616eee648,"association after per-group tuning, not causal effect"
strawberry_third,catboost,62,VG_Fruit_013,VG_Fruit_015,CAT_040,-0.058160604800275406,2b1061385894320d8d42a4d2d7d6db17a92650aecb7639bf7be4c58616eee648,"association after per-group tuning, not causal effect"
strawberry_third,catboost,62,VG_Fruit_013,VG_Fruit_019,CAT_032,-0.04084065867872522,2b1061385894320d8d42a4d2d7d6db17a92650aecb7639bf7be4c58616eee648,"association after per-group tuning, not causal effect"
strawberry_third,poisson,72,VG_Fruit_015,VG_Fruit_008,CAT_032,-0.00552711591973698,2b1061385894320d8d42a4d2d7d6db17a92650aecb7639bf7be4c58616eee648,"association after per-group tuning, not causal effect"
strawberry_third,catboost,72,VG_Fruit_015,VG_Fruit_008,CAT_032,-0.008616421047728862,2b1061385894320d8d42a4d2d7d6db17a92650aecb7639bf7be4c58616eee648,"association after per-group tuning, not causal effect"
strawberry_third,tabm,72,VG_Fruit_015,VG_Fruit_008,CAT_032,0.016292032985025573,2b1061385894320d8d42a4d2d7d6db17a92650aecb7639bf7be4c58616eee648,"association after per-group tuning, not causal effect"
strawberry_third,tft,42,VG_Fruit_019,VG_Fruit_008,CAT_040,-0.03291295813746131,2b1061385894320d8d42a4d2d7d6db17a92650aecb7639bf7be4c58616eee648,"association after per-group tuning, not causal effect"
strawberry_third,mlp,42,VG_Fruit_015,VG_Fruit_008,CAT_032,-0.003947347788274325,2b1061385894320d8d42a4d2d7d6db17a92650aecb7639bf7be4c58616eee648,"association after per-group tuning, not causal effect"
strawberry_third,mlp,72,VG_Fruit_015,VG_Fruit_008,CAT_032,0.027202148703937112,2b1061385894320d8d42a4d2d7d6db17a92650aecb7639bf7be4c58616eee648,"association after per-group tuning, not causal effect"
strawberry_third,catboost,62,VG_Fruit_019,VG_Fruit_008,CAT_040,-0.013916706134296852,2b1061385894320d8d42a4d2d7d6db17a92650aecb7639bf7be4c58616eee648,"association after per-group tuning, not causal effect"
strawberry_third,mlp,42,VG_Fruit_019,VG_Fruit_008,CAT_040,-0.0457404373099779,2b1061385894320d8d42a4d2d7d6db17a92650aecb7639bf7be4c58616eee648,"association after per-group tuning, not causal effect"
strawberry_third,mlp,82,VG_Fruit_019,VG_Fruit_008,CAT_040,-0.06519754626838425,2b1061385894320d8d42a4d2d7d6db17a92650aecb7639bf7be4c58616eee648,"association after per-group tuning, not causal effect"
strawberry_third,random_forest,82,VG_Fruit_019,VG_Fruit_008,CAT_040,0.011348821107347584,2b1061385894320d8d42a4d2d7d6db17a92650aecb7639bf7be4c58616eee648,"association after per-group tuning, not causal effect"
strawberry_third,poisson,42,VG_Fruit_015,VG_Fruit_008,CAT_032,-0.00552711591973698,2b1061385894320d8d42a4d2d7d6db17a92650aecb7639bf7be4c58616eee648,"association after per-group tuning, not causal effect"
strawberry_third,tabm,52,VG_Fruit_015,VG_Fruit_008,CAT_032,-0.01294781048738014,2b1061385894320d8d42a4d2d7d6db17a92650aecb7639bf7be4c58616eee648,"association after per-group tuning, not causal effect"
strawberry_third,poisson,42,VG_Fruit_019,VG_Fruit_008,CAT_040,0.00047074225281495963,2b1061385894320d8d42a4d2d7d6db17a92650aecb7639bf7be4c58616eee648,"association after per-group tuning, not causal effect"
strawberry_third,mlp,52,VG_Fruit_015,VG_Fruit_008,CAT_032,-0.009819304426185171,2b1061385894320d8d42a4d2d7d6db17a92650aecb7639bf7be4c58616eee648,"association after per-group tuning, not causal effect"
strawberry_third,random_forest,82,VG_Fruit_013,VG_Fruit_019,CAT_032,-0.01146309219009467,2b1061385894320d8d42a4d2d7d6db17a92650aecb7639bf7be4c58616eee648,"association after per-group tuning, not causal effect"
strawberry_third,random_forest,82,VG_Fruit_013,VG_Fruit_015,CAT_040,-0.037370887093432836,2b1061385894320d8d42a4d2d7d6db17a92650aecb7639bf7be4c58616eee648,"association after per-group tuning, not causal effect"
strawberry_third,catboost,42,VG_Fruit_015,VG_Fruit_008,CAT_032,0.0012404586850808252,2b1061385894320d8d42a4d2d7d6db17a92650aecb7639bf7be4c58616eee648,"association after per-group tuning, not causal effect"
strawberry_third,mlp,62,VG_Fruit_015,VG_Fruit_008,CAT_032,-0.005777585569002541,2b1061385894320d8d42a4d2d7d6db17a92650aecb7639bf7be4c58616eee648,"association after per-group tuning, not causal effect"
strawberry_third,tabm,82,VG_Fruit_015,VG_Fruit_008,CAT_032,-0.01495796619452161,2b1061385894320d8d42a4d2d7d6db17a92650aecb7639bf7be4c58616eee648,"association after per-group tuning, not causal effect"
strawberry_third,tft,42,VG_Fruit_015,VG_Fruit_008,CAT_032,0.02926446841924779,2b1061385894320d8d42a4d2d7d6db17a92650aecb7639bf7be4c58616eee648,"association after per-group tuning, not causal effect"
strawberry_third,tft,52,VG_Fruit_015,VG_Fruit_008,CAT_032,-0.0756112930216617,2b1061385894320d8d42a4d2d7d6db17a92650aecb7639bf7be4c58616eee648,"association after per-group tuning, not causal effect"
strawberry_third,tft,62,VG_Fruit_015,VG_Fruit_008,CAT_032,-0.013168774685567652,2b1061385894320d8d42a4d2d7d6db17a92650aecb7639bf7be4c58616eee648,"association after per-group tuning, not causal effect"
strawberry_third,poisson,52,VG_Fruit_019,VG_Fruit_008,CAT_040,0.00047074225281495963,2b1061385894320d8d42a4d2d7d6db17a92650aecb7639bf7be4c58616eee648,"association after per-group tuning, not causal effect"
strawberry_third,tabm,82,VG_Fruit_019,VG_Fruit_008,CAT_040,-0.006679689519854648,2b1061385894320d8d42a4d2d7d6db17a92650aecb7639bf7be4c58616eee648,"association after per-group tuning, not causal effect"
strawberry_third,catboost,82,VG_Fruit_015,VG_Fruit_008,CAT_032,-0.006914417495860414,2b1061385894320d8d42a4d2d7d6db17a92650aecb7639bf7be4c58616eee648,"association after per-group tuning, not causal effect"
strawberry_third,catboost,72,VG_Fruit_019,VG_Fruit_008,CAT_040,-0.011443501419540203,2b1061385894320d8d42a4d2d7d6db17a92650aecb7639bf7be4c58616eee648,"association after per-group tuning, not causal effect"
strawberry_third,random_forest,42,VG_Fruit_013,VG_Fruit_019,CAT_032,-0.0026948503540638047,2b1061385894320d8d42a4d2d7d6db17a92650aecb7639bf7be4c58616eee648,"association after per-group tuning, not causal effect"
strawberry_third,random_forest,42,VG_Fruit_013,VG_Fruit_015,CAT_040,-0.03205302524606635,2b1061385894320d8d42a4d2d7d6db17a92650aecb7639bf7be4c58616eee648,"association after per-group tuning, not causal effect"
strawberry_third,random_forest,52,VG_Fruit_019,VG_Fruit_008,CAT_040,0.0069458325312519165,2b1061385894320d8d42a4d2d7d6db17a92650aecb7639bf7be4c58616eee648,"association after per-group tuning, not causal effect"
strawberry_third,catboost,52,VG_Fruit_015,VG_Fruit_008,CAT_032,-0.0033288570935096073,2b1061385894320d8d42a4d2d7d6db17a92650aecb7639bf7be4c58616eee648,"association after per-group tuning, not causal effect"
strawberry_third,tabm,62,VG_Fruit_015,VG_Fruit_008,CAT_032,0.015410615892383128,2b1061385894320d8d42a4d2d7d6db17a92650aecb7639bf7be4c58616eee648,"association after per-group tuning, not causal effect"
strawberry_third,tabm,72,VG_Fruit_019,VG_Fruit_008,CAT_040,0.09407601103609087,2b1061385894320d8d42a4d2d7d6db17a92650aecb7639bf7be4c58616eee648,"association after per-group tuning, not causal effect"
strawberry_third,tft,72,VG_Fruit_013,VG_Fruit_015,CAT_040,-0.04137264423499287,2b1061385894320d8d42a4d2d7d6db17a92650aecb7639bf7be4c58616eee648,"association after per-group tuning, not causal effect"
strawberry_third,tft,72,VG_Fruit_013,VG_Fruit_019,CAT_032,0.031163537284444542,2b1061385894320d8d42a4d2d7d6db17a92650aecb7639bf7be4c58616eee648,"association after per-group tuning, not causal effect"
strawberry_third,catboost,52,VG_Fruit_013,VG_Fruit_015,CAT_040,-0.042253558760458554,2b1061385894320d8d42a4d2d7d6db17a92650aecb7639bf7be4c58616eee648,"association after per-group tuning, not causal effect"
strawberry_third,catboost,52,VG_Fruit_013,VG_Fruit_019,CAT_032,-0.03004100039762536,2b1061385894320d8d42a4d2d7d6db17a92650aecb7639bf7be4c58616eee648,"association after per-group tuning, not causal effect"
strawberry_third,mlp,72,VG_Fruit_019,VG_Fruit_008,CAT_040,0.05424171918163012,2b1061385894320d8d42a4d2d7d6db17a92650aecb7639bf7be4c58616eee648,"association after per-group tuning, not causal effect"
strawberry_third,tft,82,VG_Fruit_015,VG_Fruit_008,CAT_032,-0.058949899720090904,2b1061385894320d8d42a4d2d7d6db17a92650aecb7639bf7be4c58616eee648,"association after per-group tuning, not causal effect"
strawberry_third,tabm,82,VG_Fruit_013,VG_Fruit_015,CAT_040,-0.02643620514086753,2b1061385894320d8d42a4d2d7d6db17a92650aecb7639bf7be4c58616eee648,"association after per-group tuning, not causal effect"
strawberry_third,tabm,82,VG_Fruit_013,VG_Fruit_019,CAT_032,-0.03471448181553449,2b1061385894320d8d42a4d2d7d6db17a92650aecb7639bf7be4c58616eee648,"association after per-group tuning, not causal effect"
strawberry_third,catboost,82,VG_Fruit_013,VG_Fruit_015,CAT_040,-0.04461890451733652,2b1061385894320d8d42a4d2d7d6db17a92650aecb7639bf7be4c58616eee648,"association after per-group tuning, not causal effect"
strawberry_third,catboost,82,VG_Fruit_013,VG_Fruit_019,CAT_032,-0.03822933254161909,2b1061385894320d8d42a4d2d7d6db17a92650aecb7639bf7be4c58616eee648,"association after per-group tuning, not causal effect"
strawberry_third,catboost,42,VG_Fruit_019,VG_Fruit_008,CAT_040,-0.009553925703081667,2b1061385894320d8d42a4d2d7d6db17a92650aecb7639bf7be4c58616eee648,"association after per-group tuning, not causal effect"
strawberry_third,tft,42,VG_Fruit_013,VG_Fruit_019,CAT_032,-0.0008526563967483636,2b1061385894320d8d42a4d2d7d6db17a92650aecb7639bf7be4c58616eee648,"association after per-group tuning, not causal effect"
strawberry_third,tft,42,VG_Fruit_013,VG_Fruit_015,CAT_040,-0.06303008295345747,2b1061385894320d8d42a4d2d7d6db17a92650aecb7639bf7be4c58616eee648,"association after per-group tuning, not causal effect"
strawberry_third,random_forest,42,VG_Fruit_019,VG_Fruit_008,CAT_040,0.0005554618202732176,2b1061385894320d8d42a4d2d7d6db17a92650aecb7639bf7be4c58616eee648,"association after per-group tuning, not causal effect"
strawberry_third,poisson,52,VG_Fruit_015,VG_Fruit_008,CAT_032,-0.00552711591973698,2b1061385894320d8d42a4d2d7d6db17a92650aecb7639bf7be4c58616eee648,"association after per-group tuning, not causal effect"
strawberry_third,random_forest,72,VG_Fruit_015,VG_Fruit_008,CAT_032,0.03482103818793647,2b1061385894320d8d42a4d2d7d6db17a92650aecb7639bf7be4c58616eee648,"association after per-group tuning, not causal effect"
strawberry_third,poisson,52,VG_Fruit_013,VG_Fruit_019,CAT_032,-0.006717105561556913,2b1061385894320d8d42a4d2d7d6db17a92650aecb7639bf7be4c58616eee648,"association after per-group tuning, not causal effect"
strawberry_third,poisson,52,VG_Fruit_013,VG_Fruit_015,CAT_040,-0.0007192473890049733,2b1061385894320d8d42a4d2d7d6db17a92650aecb7639bf7be4c58616eee648,"association after per-group tuning, not causal effect"
strawberry_third,random_forest,62,VG_Fruit_015,VG_Fruit_008,CAT_032,0.0405315024847428,2b1061385894320d8d42a4d2d7d6db17a92650aecb7639bf7be4c58616eee648,"association after per-group tuning, not causal effect"
strawberry_third,poisson,82,VG_Fruit_013,VG_Fruit_019,CAT_032,-0.006717105561556913,2b1061385894320d8d42a4d2d7d6db17a92650aecb7639bf7be4c58616eee648,"association after per-group tuning, not causal effect"
strawberry_third,poisson,82,VG_Fruit_013,VG_Fruit_015,CAT_040,-0.0007192473890049733,2b1061385894320d8d42a4d2d7d6db17a92650aecb7639bf7be4c58616eee648,"association after per-group tuning, not causal effect"
strawberry_third,tabm,62,VG_Fruit_019,VG_Fruit_008,CAT_040,0.009781617419514443,2b1061385894320d8d42a4d2d7d6db17a92650aecb7639bf7be4c58616eee648,"association after per-group tuning, not causal effect"
strawberry_third,poisson,62,VG_Fruit_015,VG_Fruit_008,CAT_032,-0.00552711591973698,2b1061385894320d8d42a4d2d7d6db17a92650aecb7639bf7be4c58616eee648,"association after per-group tuning, not causal effect"
strawberry_third,poisson,82,VG_Fruit_015,VG_Fruit_008,CAT_032,-0.00552711591973698,2b1061385894320d8d42a4d2d7d6db17a92650aecb7639bf7be4c58616eee648,"association after per-group tuning, not causal effect"
strawberry_third,random_forest,42,VG_Fruit_015,VG_Fruit_008,CAT_032,0.02991363671227576,2b1061385894320d8d42a4d2d7d6db17a92650aecb7639bf7be4c58616eee648,"association after per-group tuning, not causal effect"
strawberry_third,mlp,52,VG_Fruit_019,VG_Fruit_008,CAT_040,0.02225217363688725,2b1061385894320d8d42a4d2d7d6db17a92650aecb7639bf7be4c58616eee648,"association after per-group tuning, not causal effect"
strawberry_third,tabm,42,VG_Fruit_013,VG_Fruit_019,CAT_032,0.06742580615371363,2b1061385894320d8d42a4d2d7d6db17a92650aecb7639bf7be4c58616eee648,"association after per-group tuning, not causal effect"
strawberry_third,tabm,42,VG_Fruit_013,VG_Fruit_015,CAT_040,-0.016619697504100306,2b1061385894320d8d42a4d2d7d6db17a92650aecb7639bf7be4c58616eee648,"association after per-group tuning, not causal effect"
strawberry_third,catboost,72,VG_Fruit_013,VG_Fruit_015,CAT_040,-0.03859055838813852,2b1061385894320d8d42a4d2d7d6db17a92650aecb7639bf7be4c58616eee648,"association after per-group tuning, not causal effect"
strawberry_third,catboost,72,VG_Fruit_013,VG_Fruit_019,CAT_032,-0.03576347801632718,2b1061385894320d8d42a4d2d7d6db17a92650aecb7639bf7be4c58616eee648,"association after per-group tuning, not causal effect"
strawberry_third,tabm,42,VG_Fruit_019,VG_Fruit_008,CAT_040,0.02933818987649328,2b1061385894320d8d42a4d2d7d6db17a92650aecb7639bf7be4c58616eee648,"association after per-group tuning, not causal effect"
strawberry_third,poisson,42,VG_Fruit_013,VG_Fruit_015,CAT_040,-0.0007192473890049733,2b1061385894320d8d42a4d2d7d6db17a92650aecb7639bf7be4c58616eee648,"association after per-group tuning, not causal effect"
strawberry_third,poisson,42,VG_Fruit_013,VG_Fruit_019,CAT_032,-0.006717105561556913,2b1061385894320d8d42a4d2d7d6db17a92650aecb7639bf7be4c58616eee648,"association after per-group tuning, not causal effect"
strawberry_third,tabm,72,VG_Fruit_013,VG_Fruit_015,CAT_040,0.05011553650275902,2b1061385894320d8d42a4d2d7d6db17a92650aecb7639bf7be4c58616eee648,"association after per-group tuning, not causal effect"
strawberry_third,tabm,72,VG_Fruit_013,VG_Fruit_019,CAT_032,-0.027668441548306277,2b1061385894320d8d42a4d2d7d6db17a92650aecb7639bf7be4c58616eee648,"association after per-group tuning, not causal effect"
strawberry_third,poisson,72,VG_Fruit_019,VG_Fruit_008,CAT_040,0.00047074225281495963,2b1061385894320d8d42a4d2d7d6db17a92650aecb7639bf7be4c58616eee648,"association after per-group tuning, not causal effect"
strawberry_third,mlp,62,VG_Fruit_013,VG_Fruit_015,CAT_040,-0.00603499888885195,2b1061385894320d8d42a4d2d7d6db17a92650aecb7639bf7be4c58616eee648,"association after per-group tuning, not causal effect"
strawberry_third,mlp,62,VG_Fruit_013,VG_Fruit_019,CAT_032,0.03125997638100808,2b1061385894320d8d42a4d2d7d6db17a92650aecb7639bf7be4c58616eee648,"association after per-group tuning, not causal effect"
strawberry_third,random_forest,62,VG_Fruit_013,VG_Fruit_015,CAT_040,-0.04239224823580212,2b1061385894320d8d42a4d2d7d6db17a92650aecb7639bf7be4c58616eee648,"association after per-group tuning, not causal effect"
strawberry_third,random_forest,62,VG_Fruit_013,VG_Fruit_019,CAT_032,-0.010102657250627756,2b1061385894320d8d42a4d2d7d6db17a92650aecb7639bf7be4c58616eee648,"association after per-group tuning, not causal effect"
strawberry_third,tabm,52,VG_Fruit_013,VG_Fruit_019,CAT_032,0.06961178908808052,2b1061385894320d8d42a4d2d7d6db17a92650aecb7639bf7be4c58616eee648,"association after per-group tuning, not causal effect"
strawberry_third,tabm,52,VG_Fruit_013,VG_Fruit_015,CAT_040,-0.003556322956490443,2b1061385894320d8d42a4d2d7d6db17a92650aecb7639bf7be4c58616eee648,"association after per-group tuning, not causal effect"
strawberry_third,tabm,42,VG_Fruit_015,VG_Fruit_008,CAT_032,0.11338369353430722,2b1061385894320d8d42a4d2d7d6db17a92650aecb7639bf7be4c58616eee648,"association after per-group tuning, not causal effect"
strawberry_third,tft,82,VG_Fruit_019,VG_Fruit_008,CAT_040,-0.09411605972825121,2b1061385894320d8d42a4d2d7d6db17a92650aecb7639bf7be4c58616eee648,"association after per-group tuning, not causal effect"
strawberry_third,tabm,62,VG_Fruit_013,VG_Fruit_015,CAT_040,-0.023786022599055046,2b1061385894320d8d42a4d2d7d6db17a92650aecb7639bf7be4c58616eee648,"association after per-group tuning, not causal effect"
strawberry_third,tabm,62,VG_Fruit_013,VG_Fruit_019,CAT_032,-0.01815702412618636,2b1061385894320d8d42a4d2d7d6db17a92650aecb7639bf7be4c58616eee648,"association after per-group tuning, not causal effect"
strawberry_third,random_forest,72,VG_Fruit_013,VG_Fruit_019,CAT_032,-0.0056508700342290386,2b1061385894320d8d42a4d2d7d6db17a92650aecb7639bf7be4c58616eee648,"association after per-group tuning, not causal effect"
strawberry_third,random_forest,72,VG_Fruit_013,VG_Fruit_015,CAT_040,-0.03504765797726128,2b1061385894320d8d42a4d2d7d6db17a92650aecb7639bf7be4c58616eee648,"association after per-group tuning, not causal effect"
strawberry_third,catboost,82,VG_Fruit_019,VG_Fruit_008,CAT_040,-0.013303989471577848,2b1061385894320d8d42a4d2d7d6db17a92650aecb7639bf7be4c58616eee648,"association after per-group tuning, not causal effect"
strawberry_third,mlp,62,VG_Fruit_019,VG_Fruit_008,CAT_040,-0.04307256083886257,2b1061385894320d8d42a4d2d7d6db17a92650aecb7639bf7be4c58616eee648,"association after per-group tuning, not causal effect"
strawberry_third,random_forest,82,VG_Fruit_015,VG_Fruit_008,CAT_032,0.03725661601068575,2b1061385894320d8d42a4d2d7d6db17a92650aecb7639bf7be4c58616eee648,"association after per-group tuning, not causal effect"
strawberry_third,mlp,82,VG_Fruit_015,VG_Fruit_008,CAT_032,-0.026385865792735386,2b1061385894320d8d42a4d2d7d6db17a92650aecb7639bf7be4c58616eee648,"association after per-group tuning, not causal effect"
strawberry_third,random_forest,52,VG_Fruit_013,VG_Fruit_019,CAT_032,-0.007189115472611807,2b1061385894320d8d42a4d2d7d6db17a92650aecb7639bf7be4c58616eee648,"association after per-group tuning, not causal effect"
strawberry_third,random_forest,52,VG_Fruit_013,VG_Fruit_015,CAT_040,-0.03651138471330739,2b1061385894320d8d42a4d2d7d6db17a92650aecb7639bf7be4c58616eee648,"association after per-group tuning, not causal effect"
strawberry_third,random_forest,52,VG_Fruit_015,VG_Fruit_008,CAT_032,0.0362681017719475,2b1061385894320d8d42a4d2d7d6db17a92650aecb7639bf7be4c58616eee648,"association after per-group tuning, not causal effect"
strawberry_third,catboost,52,VG_Fruit_019,VG_Fruit_008,CAT_040,-0.0155414154563428,2b1061385894320d8d42a4d2d7d6db17a92650aecb7639bf7be4c58616eee648,"association after per-group tuning, not causal effect"
strawberry_third,mlp,72,VG_Fruit_013,VG_Fruit_015,CAT_040,-0.044936877322547586,2b1061385894320d8d42a4d2d7d6db17a92650aecb7639bf7be4c58616eee648,"association after per-group tuning, not causal effect"
strawberry_third,mlp,72,VG_Fruit_013,VG_Fruit_019,CAT_032,-0.0719764478002406,2b1061385894320d8d42a4d2d7d6db17a92650aecb7639bf7be4c58616eee648,"association after per-group tuning, not causal effect"
strawberry_third,random_forest,62,VG_Fruit_019,VG_Fruit_008,CAT_040,0.008241911499568433,2b1061385894320d8d42a4d2d7d6db17a92650aecb7639bf7be4c58616eee648,"association after per-group tuning, not causal effect"
strawberry_third,tft,72,VG_Fruit_019,VG_Fruit_008,CAT_040,-0.07693600450947335,2b1061385894320d8d42a4d2d7d6db17a92650aecb7639bf7be4c58616eee648,"association after per-group tuning, not causal effect"
strawberry_third,poisson,62,VG_Fruit_019,VG_Fruit_008,CAT_040,0.00047074225281495963,2b1061385894320d8d42a4d2d7d6db17a92650aecb7639bf7be4c58616eee648,"association after per-group tuning, not causal effect"
strawberry_second,catboost,82,VG_Fruit_009,VG_Fruit_016,CAT_039,-0.005969478007729512,995010ed9d3a861d600337831c71d690f6061da02383bae5e9c4951c1cc3f028,"association after per-group tuning, not causal effect"
strawberry_second,catboost,82,VG_Fruit_009,VG_Fruit_002,CAT_031,0.04682002989607281,995010ed9d3a861d600337831c71d690f6061da02383bae5e9c4951c1cc3f028,"association after per-group tuning, not causal effect"
strawberry_second,tabm,42,VG_Fruit_002,VG_Fruit_018,CAT_039,-0.13120097973255507,995010ed9d3a861d600337831c71d690f6061da02383bae5e9c4951c1cc3f028,"association after per-group tuning, not causal effect"
strawberry_second,tft,82,VG_Fruit_016,VG_Fruit_018,CAT_031,0.034177792567748555,995010ed9d3a861d600337831c71d690f6061da02383bae5e9c4951c1cc3f028,"association after per-group tuning, not causal effect"
strawberry_second,tabm,42,VG_Fruit_016,VG_Fruit_018,CAT_031,-0.06172587464455315,995010ed9d3a861d600337831c71d690f6061da02383bae5e9c4951c1cc3f028,"association after per-group tuning, not causal effect"
strawberry_second,random_forest,62,VG_Fruit_016,VG_Fruit_018,CAT_031,-0.014032056726212772,995010ed9d3a861d600337831c71d690f6061da02383bae5e9c4951c1cc3f028,"association after per-group tuning, not causal effect"
strawberry_second,random_forest,82,VG_Fruit_009,VG_Fruit_016,CAT_039,0.01708094137163696,995010ed9d3a861d600337831c71d690f6061da02383bae5e9c4951c1cc3f028,"association after per-group tuning, not causal effect"
strawberry_second,random_forest,82,VG_Fruit_009,VG_Fruit_002,CAT_031,0.010977615270808205,995010ed9d3a861d600337831c71d690f6061da02383bae5e9c4951c1cc3f028,"association after per-group tuning, not causal effect"
strawberry_second,tft,62,VG_Fruit_009,VG_Fruit_002,CAT_031,-0.019654023321978853,995010ed9d3a861d600337831c71d690f6061da02383bae5e9c4951c1cc3f028,"association after per-group tuning, not causal effect"
strawberry_second,tft,62,VG_Fruit_009,VG_Fruit_016,CAT_039,-0.03836360291804186,995010ed9d3a861d600337831c71d690f6061da02383bae5e9c4951c1cc3f028,"association after per-group tuning, not causal effect"
strawberry_second,poisson,52,VG_Fruit_009,VG_Fruit_016,CAT_039,-0.06216686586029896,995010ed9d3a861d600337831c71d690f6061da02383bae5e9c4951c1cc3f028,"association after per-group tuning, not causal effect"
strawberry_second,poisson,52,VG_Fruit_009,VG_Fruit_002,CAT_031,-0.5787307200533283,995010ed9d3a861d600337831c71d690f6061da02383bae5e9c4951c1cc3f028,"association after per-group tuning, not causal effect"
strawberry_second,catboost,52,VG_Fruit_009,VG_Fruit_016,CAT_039,-0.0003368724600386619,995010ed9d3a861d600337831c71d690f6061da02383bae5e9c4951c1cc3f028,"association after per-group tuning, not causal effect"
strawberry_second,catboost,52,VG_Fruit_009,VG_Fruit_002,CAT_031,0.034467838443819065,995010ed9d3a861d600337831c71d690f6061da02383bae5e9c4951c1cc3f028,"association after per-group tuning, not causal effect"
strawberry_second,catboost,52,VG_Fruit_016,VG_Fruit_018,CAT_031,0.03997969812279589,995010ed9d3a861d600337831c71d690f6061da02383bae5e9c4951c1cc3f028,"association after per-group tuning, not causal effect"
strawberry_second,mlp,82,VG_Fruit_002,VG_Fruit_018,CAT_039,0.00011858468403669331,995010ed9d3a861d600337831c71d690f6061da02383bae5e9c4951c1cc3f028,"association after per-group tuning, not causal effect"
strawberry_second,mlp,52,VG_Fruit_002,VG_Fruit_018,CAT_039,0.009279793672075987,995010ed9d3a861d600337831c71d690f6061da02383bae5e9c4951c1cc3f028,"association after per-group tuning, not causal effect"
strawberry_second,catboost,72,VG_Fruit_002,VG_Fruit_018,CAT_039,-0.0009151740981261369,995010ed9d3a861d600337831c71d690f6061da02383bae5e9c4951c1cc3f028,"association after per-group tuning, not causal effect"
strawberry_second,catboost,82,VG_Fruit_016,VG_Fruit_018,CAT_031,0.06041599849376855,995010ed9d3a861d600337831c71d690f6061da02383bae5e9c4951c1cc3f028,"association after per-group tuning, not causal effect"
strawberry_second,poisson,42,VG_Fruit_016,VG_Fruit_018,CAT_031,-0.5183276375772456,995010ed9d3a861d600337831c71d690f6061da02383bae5e9c4951c1cc3f028,"association after per-group tuning, not causal effect"
strawberry_second,mlp,72,VG_Fruit_009,VG_Fruit_002,CAT_031,-0.016096015641921202,995010ed9d3a861d600337831c71d690f6061da02383bae5e9c4951c1cc3f028,"association after per-group tuning, not causal effect"
strawberry_second,mlp,72,VG_Fruit_009,VG_Fruit_016,CAT_039,0.04901649836965882,995010ed9d3a861d600337831c71d690f6061da02383bae5e9c4951c1cc3f028,"association after per-group tuning, not causal effect"
strawberry_second,tabm,72,VG_Fruit_009,VG_Fruit_002,CAT_031,0.0910885691072495,995010ed9d3a861d600337831c71d690f6061da02383bae5e9c4951c1cc3f028,"association after per-group tuning, not causal effect"
strawberry_second,tabm,72,VG_Fruit_009,VG_Fruit_016,CAT_039,-0.012448369725348685,995010ed9d3a861d600337831c71d690f6061da02383bae5e9c4951c1cc3f028,"association after per-group tuning, not causal effect"
strawberry_second,mlp,62,VG_Fruit_009,VG_Fruit_016,CAT_039,0.027321101126108083,995010ed9d3a861d600337831c71d690f6061da02383bae5e9c4951c1cc3f028,"association after per-group tuning, not causal effect"
strawberry_second,mlp,62,VG_Fruit_009,VG_Fruit_002,CAT_031,-0.012941309382145771,995010ed9d3a861d600337831c71d690f6061da02383bae5e9c4951c1cc3f028,"association after per-group tuning, not causal effect"
strawberry_second,random_forest,72,VG_Fruit_016,VG_Fruit_018,CAT_031,-0.012269550823704067,995010ed9d3a861d600337831c71d690f6061da02383bae5e9c4951c1cc3f028,"association after per-group tuning, not causal effect"
strawberry_second,tft,72,VG_Fruit_009,VG_Fruit_016,CAT_039,-0.05505379327441229,995010ed9d3a861d600337831c71d690f6061da02383bae5e9c4951c1cc3f028,"association after per-group tuning, not causal effect"
strawberry_second,tft,72,VG_Fruit_009,VG_Fruit_002,CAT_031,9.098956607345166e-05,995010ed9d3a861d600337831c71d690f6061da02383bae5e9c4951c1cc3f028,"association after per-group tuning, not causal effect"
strawberry_second,tabm,52,VG_Fruit_016,VG_Fruit_018,CAT_031,-0.15927897286171322,995010ed9d3a861d600337831c71d690f6061da02383bae5e9c4951c1cc3f028,"association after per-group tuning, not causal effect"
strawberry_second,tft,52,VG_Fruit_002,VG_Fruit_018,CAT_039,0.06986968892852963,995010ed9d3a861d600337831c71d690f6061da02383bae5e9c4951c1cc3f028,"association after per-group tuning, not causal effect"
strawberry_second,tft,62,VG_Fruit_002,VG_Fruit_018,CAT_039,0.10187104442414474,995010ed9d3a861d600337831c71d690f6061da02383bae5e9c4951c1cc3f028,"association after per-group tuning, not causal effect"
strawberry_second,poisson,82,VG_Fruit_009,VG_Fruit_002,CAT_031,-0.5787307200533283,995010ed9d3a861d600337831c71d690f6061da02383bae5e9c4951c1cc3f028,"association after per-group tuning, not causal effect"
strawberry_second,poisson,82,VG_Fruit_009,VG_Fruit_016,CAT_039,-0.06216686586029896,995010ed9d3a861d600337831c71d690f6061da02383bae5e9c4951c1cc3f028,"association after per-group tuning, not causal effect"
strawberry_second,catboost,42,VG_Fruit_016,VG_Fruit_018,CAT_031,0.043168955408839915,995010ed9d3a861d600337831c71d690f6061da02383bae5e9c4951c1cc3f028,"association after per-group tuning, not causal effect"
strawberry_second,random_forest,72,VG_Fruit_009,VG_Fruit_016,CAT_039,0.015434534352769091,995010ed9d3a861d600337831c71d690f6061da02383bae5e9c4951c1cc3f028,"association after per-group tuning, not causal effect"
strawberry_second,random_forest,72,VG_Fruit_009,VG_Fruit_002,CAT_031,0.00499114468271078,995010ed9d3a861d600337831c71d690f6061da02383bae5e9c4951c1cc3f028,"association after per-group tuning, not causal effect"
strawberry_second,poisson,72,VG_Fruit_009,VG_Fruit_002,CAT_031,-0.5787307200533283,995010ed9d3a861d600337831c71d690f6061da02383bae5e9c4951c1cc3f028,"association after per-group tuning, not causal effect"
strawberry_second,poisson,72,VG_Fruit_009,VG_Fruit_016,CAT_039,-0.06216686586029896,995010ed9d3a861d600337831c71d690f6061da02383bae5e9c4951c1cc3f028,"association after per-group tuning, not causal effect"
strawberry_second,mlp,42,VG_Fruit_009,VG_Fruit_016,CAT_039,0.03278485821205446,995010ed9d3a861d600337831c71d690f6061da02383bae5e9c4951c1cc3f028,"association after per-group tuning, not causal effect"
strawberry_second,mlp,42,VG_Fruit_009,VG_Fruit_002,CAT_031,0.015092188918301885,995010ed9d3a861d600337831c71d690f6061da02383bae5e9c4951c1cc3f028,"association after per-group tuning, not causal effect"
strawberry_second,random_forest,42,VG_Fruit_016,VG_Fruit_018,CAT_031,-0.007285099907765047,995010ed9d3a861d600337831c71d690f6061da02383bae5e9c4951c1cc3f028,"association after per-group tuning, not causal effect"
strawberry_second,tabm,82,VG_Fruit_002,VG_Fruit_018,CAT_039,-0.0067406020499922725,995010ed9d3a861d600337831c71d690f6061da02383bae5e9c4951c1cc3f028,"association after per-group tuning, not causal effect"
strawberry_second,poisson,42,VG_Fruit_002,VG_Fruit_018,CAT_039,-0.0017637833842163442,995010ed9d3a861d600337831c71d690f6061da02383bae5e9c4951c1cc3f028,"association after per-group tuning, not causal effect"
strawberry_second,tft,42,VG_Fruit_002,VG_Fruit_018,CAT_039,0.042481053722636664,995010ed9d3a861d600337831c71d690f6061da02383bae5e9c4951c1cc3f028,"association after per-group tuning, not causal effect"
strawberry_second,poisson,72,VG_Fruit_002,VG_Fruit_018,CAT_039,-0.0017637833842163442,995010ed9d3a861d600337831c71d690f6061da02383bae5e9c4951c1cc3f028,"association after per-group tuning, not causal effect"
strawberry_second,tft,82,VG_Fruit_009,VG_Fruit_016,CAT_039,-0.05000862725774802,995010ed9d3a861d600337831c71d690f6061da02383bae5e9c4951c1cc3f028,"association after per-group tuning, not causal effect"
strawberry_second,tft,82,VG_Fruit_009,VG_Fruit_002,CAT_031,-0.03033870984109288,995010ed9d3a861d600337831c71d690f6061da02383bae5e9c4951c1cc3f028,"association after per-group tuning, not causal effect"
strawberry_second,poisson,52,VG_Fruit_016,VG_Fruit_018,CAT_031,-0.5183276375772456,995010ed9d3a861d600337831c71d690f6061da02383bae5e9c4951c1cc3f028,"association after per-group tuning, not causal effect"
strawberry_second,random_forest,82,VG_Fruit_016,VG_Fruit_018,CAT_031,-0.01139992811788737,995010ed9d3a861d600337831c71d690f6061da02383bae5e9c4951c1cc3f028,"association after per-group tuning, not causal effect"
strawberry_second,mlp,42,VG_Fruit_016,VG_Fruit_018,CAT_031,-0.02920608853154727,995010ed9d3a861d600337831c71d690f6061da02383bae5e9c4951c1cc3f028,"association after per-group tuning, not causal effect"
strawberry_second,random_forest,52,VG_Fruit_009,VG_Fruit_016,CAT_039,0.01377391990350263,995010ed9d3a861d600337831c71d690f6061da02383bae5e9c4951c1cc3f028,"association after per-group tuning, not causal effect"
strawberry_second,random_forest,52,VG_Fruit_009,VG_Fruit_002,CAT_031,0.003545455220673288,995010ed9d3a861d600337831c71d690f6061da02383bae5e9c4951c1cc3f028,"association after per-group tuning, not causal effect"
strawberry_second,tft,72,VG_Fruit_016,VG_Fruit_018,CAT_031,0.08185733023689457,995010ed9d3a861d600337831c71d690f6061da02383bae5e9c4951c1cc3f028,"association after per-group tuning, not causal effect"
strawberry_second,poisson,82,VG_Fruit_002,VG_Fruit_018,CAT_039,-0.0017637833842163442,995010ed9d3a861d600337831c71d690f6061da02383bae5e9c4951c1cc3f028,"association after per-group tuning, not causal effect"
strawberry_second,tabm,42,VG_Fruit_009,VG_Fruit_002,CAT_031,0.123391346467571,995010ed9d3a861d600337831c71d690f6061da02383bae5e9c4951c1cc3f028,"association after per-group tuning, not causal effect"
strawberry_second,tabm,42,VG_Fruit_009,VG_Fruit_016,CAT_039,0.053916241379569074,995010ed9d3a861d600337831c71d690f6061da02383bae5e9c4951c1cc3f028,"association after per-group tuning, not causal effect"
strawberry_second,catboost,82,VG_Fruit_002,VG_Fruit_018,CAT_039,0.007626490589966228,995010ed9d3a861d600337831c71d690f6061da02383bae5e9c4951c1cc3f028,"association after per-group tuning, not causal effect"
strawberry_second,catboost,62,VG_Fruit_002,VG_Fruit_018,CAT_039,0.007746403790723777,995010ed9d3a861d600337831c71d690f6061da02383bae5e9c4951c1cc3f028,"association after per-group tuning, not causal effect"
strawberry_second,tft,42,VG_Fruit_009,VG_Fruit_002,CAT_031,0.03408486261589272,995010ed9d3a861d600337831c71d690f6061da02383bae5e9c4951c1cc3f028,"association after per-group tuning, not causal effect"
strawberry_second,tft,42,VG_Fruit_009,VG_Fruit_016,CAT_039,-0.005357586261308334,995010ed9d3a861d600337831c71d690f6061da02383bae5e9c4951c1cc3f028,"association after per-group tuning, not causal effect"
strawberry_second,catboost,62,VG_Fruit_016,VG_Fruit_018,CAT_031,0.04213551807827376,995010ed9d3a861d600337831c71d690f6061da02383bae5e9c4951c1cc3f028,"association after per-group tuning, not causal effect"
strawberry_second,catboost,72,VG_Fruit_016,VG_Fruit_018,CAT_031,0.05249634597852482,995010ed9d3a861d600337831c71d690f6061da02383bae5e9c4951c1cc3f028,"association after per-group tuning, not causal effect"
strawberry_second,tft,82,VG_Fruit_002,VG_Fruit_018,CAT_039,0.014507875151093419,995010ed9d3a861d600337831c71d690f6061da02383bae5e9c4951c1cc3f028,"association after per-group tuning, not causal effect"
strawberry_second,poisson,62,VG_Fruit_002,VG_Fruit_018,CAT_039,-0.0017637833842163442,995010ed9d3a861d600337831c71d690f6061da02383bae5e9c4951c1cc3f028,"association after per-group tuning, not causal effect"
strawberry_second,tabm,72,VG_Fruit_002,VG_Fruit_018,CAT_039,0.06145473565713577,995010ed9d3a861d600337831c71d690f6061da02383bae5e9c4951c1cc3f028,"association after per-group tuning, not causal effect"
strawberry_second,catboost,72,VG_Fruit_009,VG_Fruit_002,CAT_031,0.04183509898150195,995010ed9d3a861d600337831c71d690f6061da02383bae5e9c4951c1cc3f028,"association after per-group tuning, not causal effect"
strawberry_second,catboost,72,VG_Fruit_009,VG_Fruit_016,CAT_039,-0.011576421095149003,995010ed9d3a861d600337831c71d690f6061da02383bae5e9c4951c1cc3f028,"association after per-group tuning, not causal effect"
strawberry_second,tft,62,VG_Fruit_016,VG_Fruit_018,CAT_031,0.12058062402020775,995010ed9d3a861d600337831c71d690f6061da02383bae5e9c4951c1cc3f028,"association after per-group tuning, not causal effect"
strawberry_second,random_forest,62,VG_Fruit_002,VG_Fruit_018,CAT_039,-0.003240102776619347,995010ed9d3a861d600337831c71d690f6061da02383bae5e9c4951c1cc3f028,"association after per-group tuning, not causal effect"
strawberry_second,poisson,42,VG_Fruit_009,VG_Fruit_016,CAT_039,-0.06216686586029896,995010ed9d3a861d600337831c71d690f6061da02383bae5e9c4951c1cc3f028,"association after per-group tuning, not causal effect"
strawberry_second,poisson,42,VG_Fruit_009,VG_Fruit_002,CAT_031,-0.5787307200533283,995010ed9d3a861d600337831c71d690f6061da02383bae5e9c4951c1cc3f028,"association after per-group tuning, not causal effect"
strawberry_second,random_forest,42,VG_Fruit_009,VG_Fruit_016,CAT_039,0.014850027796340481,995010ed9d3a861d600337831c71d690f6061da02383bae5e9c4951c1cc3f028,"association after per-group tuning, not causal effect"
strawberry_second,random_forest,42,VG_Fruit_009,VG_Fruit_002,CAT_031,0.007699502229350674,995010ed9d3a861d600337831c71d690f6061da02383bae5e9c4951c1cc3f028,"association after per-group tuning, not causal effect"
strawberry_second,poisson,82,VG_Fruit_016,VG_Fruit_018,CAT_031,-0.5183276375772456,995010ed9d3a861d600337831c71d690f6061da02383bae5e9c4951c1cc3f028,"association after per-group tuning, not causal effect"
strawberry_second,mlp,72,VG_Fruit_002,VG_Fruit_018,CAT_039,0.021364986040746436,995010ed9d3a861d600337831c71d690f6061da02383bae5e9c4951c1cc3f028,"association after per-group tuning, not causal effect"
strawberry_second,catboost,52,VG_Fruit_002,VG_Fruit_018,CAT_039,0.005174987218938165,995010ed9d3a861d600337831c71d690f6061da02383bae5e9c4951c1cc3f028,"association after per-group tuning, not causal effect"
strawberry_second,random_forest,62,VG_Fruit_009,VG_Fruit_016,CAT_039,0.01952213730957486,995010ed9d3a861d600337831c71d690f6061da02383bae5e9c4951c1cc3f028,"association after per-group tuning, not causal effect"
strawberry_second,random_forest,62,VG_Fruit_009,VG_Fruit_002,CAT_031,0.008730183359981436,995010ed9d3a861d600337831c71d690f6061da02383bae5e9c4951c1cc3f028,"association after per-group tuning, not causal effect"
strawberry_second,random_forest,72,VG_Fruit_002,VG_Fruit_018,CAT_039,-0.0018261611536457556,995010ed9d3a861d600337831c71d690f6061da02383bae5e9c4951c1cc3f028,"association after per-group tuning, not causal effect"
strawberry_second,poisson,52,VG_Fruit_002,VG_Fruit_018,CAT_039,-0.0017637833842163442,995010ed9d3a861d600337831c71d690f6061da02383bae5e9c4951c1cc3f028,"association after per-group tuning, not causal effect"
strawberry_second,tabm,52,VG_Fruit_009,VG_Fruit_016,CAT_039,0.1316114159611046,995010ed9d3a861d600337831c71d690f6061da02383bae5e9c4951c1cc3f028,"association after per-group tuning, not causal effect"
strawberry_second,tabm,52,VG_Fruit_009,VG_Fruit_002,CAT_031,0.011204501548792711,995010ed9d3a861d600337831c71d690f6061da02383bae5e9c4951c1cc3f028,"association after per-group tuning, not causal effect"
strawberry_second,mlp,82,VG_Fruit_016,VG_Fruit_018,CAT_031,-0.013707076145776265,995010ed9d3a861d600337831c71d690f6061da02383bae5e9c4951c1cc3f028,"association after per-group tuning, not causal effect"
strawberry_second,tabm,52,VG_Fruit_002,VG_Fruit_018,CAT_039,-0.03887205844940134,995010ed9d3a861d600337831c71d690f6061da02383bae5e9c4951c1cc3f028,"association after per-group tuning, not causal effect"
strawberry_second,mlp,62,VG_Fruit_016,VG_Fruit_018,CAT_031,-0.028336795361823208,995010ed9d3a861d600337831c71d690f6061da02383bae5e9c4951c1cc3f028,"association after per-group tuning, not causal effect"
strawberry_second,catboost,42,VG_Fruit_009,VG_Fruit_016,CAT_039,-0.010736680792991504,995010ed9d3a861d600337831c71d690f6061da02383bae5e9c4951c1cc3f028,"association after per-group tuning, not causal effect"
strawberry_second,catboost,42,VG_Fruit_009,VG_Fruit_002,CAT_031,0.01807218039885794,995010ed9d3a861d600337831c71d690f6061da02383bae5e9c4951c1cc3f028,"association after per-group tuning, not causal effect"
strawberry_second,tabm,72,VG_Fruit_016,VG_Fruit_018,CAT_031,0.16499167448973395,995010ed9d3a861d600337831c71d690f6061da02383bae5e9c4951c1cc3f028,"association after per-group tuning, not causal effect"
strawberry_second,tabm,62,VG_Fruit_009,VG_Fruit_002,CAT_031,0.13607536337274662,995010ed9d3a861d600337831c71d690f6061da02383bae5e9c4951c1cc3f028,"association after per-group tuning, not causal effect"
strawberry_second,tabm,62,VG_Fruit_009,VG_Fruit_016,CAT_039,-0.021567782430189864,995010ed9d3a861d600337831c71d690f6061da02383bae5e9c4951c1cc3f028,"association after per-group tuning, not causal effect"
strawberry_second,mlp,72,VG_Fruit_016,VG_Fruit_018,CAT_031,-0.04374752797083359,995010ed9d3a861d600337831c71d690f6061da02383bae5e9c4951c1cc3f028,"association after per-group tuning, not causal effect"
strawberry_second,tft,72,VG_Fruit_002,VG_Fruit_018,CAT_039,0.026712547396408826,995010ed9d3a861d600337831c71d690f6061da02383bae5e9c4951c1cc3f028,"association after per-group tuning, not causal effect"
strawberry_second,random_forest,52,VG_Fruit_016,VG_Fruit_018,CAT_031,-0.007660238735028635,995010ed9d3a861d600337831c71d690f6061da02383bae5e9c4951c1cc3f028,"association after per-group tuning, not causal effect"
strawberry_second,catboost,62,VG_Fruit_009,VG_Fruit_002,CAT_031,0.036671099550067865,995010ed9d3a861d600337831c71d690f6061da02383bae5e9c4951c1cc3f028,"association after per-group tuning, not causal effect"
strawberry_second,catboost,62,VG_Fruit_009,VG_Fruit_016,CAT_039,0.0022819852625178827,995010ed9d3a861d600337831c71d690f6061da02383bae5e9c4951c1cc3f028,"association after per-group tuning, not causal effect"
strawberry_second,tabm,82,VG_Fruit_009,VG_Fruit_002,CAT_031,0.09601356962871599,995010ed9d3a861d600337831c71d690f6061da02383bae5e9c4951c1cc3f028,"association after per-group tuning, not causal effect"
strawberry_second,tabm,82,VG_Fruit_009,VG_Fruit_016,CAT_039,0.010533148520729951,995010ed9d3a861d600337831c71d690f6061da02383bae5e9c4951c1cc3f028,"association after per-group tuning, not causal effect"
strawberry_second,catboost,42,VG_Fruit_002,VG_Fruit_018,CAT_039,0.014360094216990471,995010ed9d3a861d600337831c71d690f6061da02383bae5e9c4951c1cc3f028,"association after per-group tuning, not causal effect"
strawberry_second,tabm,62,VG_Fruit_002,VG_Fruit_018,CAT_039,-0.1884492591972543,995010ed9d3a861d600337831c71d690f6061da02383bae5e9c4951c1cc3f028,"association after per-group tuning, not causal effect"
strawberry_second,tft,52,VG_Fruit_016,VG_Fruit_018,CAT_031,0.07450957913458411,995010ed9d3a861d600337831c71d690f6061da02383bae5e9c4951c1cc3f028,"association after per-group tuning, not causal effect"
strawberry_second,mlp,42,VG_Fruit_002,VG_Fruit_018,CAT_039,-0.011513419237794698,995010ed9d3a861d600337831c71d690f6061da02383bae5e9c4951c1cc3f028,"association after per-group tuning, not causal effect"
strawberry_second,random_forest,42,VG_Fruit_002,VG_Fruit_018,CAT_039,-0.00013457434077523978,995010ed9d3a861d600337831c71d690f6061da02383bae5e9c4951c1cc3f028,"association after per-group tuning, not causal effect"
strawberry_second,random_forest,82,VG_Fruit_002,VG_Fruit_018,CAT_039,-0.005296602017058616,995010ed9d3a861d600337831c71d690f6061da02383bae5e9c4951c1cc3f028,"association after per-group tuning, not causal effect"
strawberry_second,poisson,62,VG_Fruit_009,VG_Fruit_002,CAT_031,-0.5787307200533283,995010ed9d3a861d600337831c71d690f6061da02383bae5e9c4951c1cc3f028,"association after per-group tuning, not causal effect"
strawberry_second,poisson,62,VG_Fruit_009,VG_Fruit_016,CAT_039,-0.06216686586029896,995010ed9d3a861d600337831c71d690f6061da02383bae5e9c4951c1cc3f028,"association after per-group tuning, not causal effect"
strawberry_second,tft,52,VG_Fruit_009,VG_Fruit_002,CAT_031,-0.022631577440972883,995010ed9d3a861d600337831c71d690f6061da02383bae5e9c4951c1cc3f028,"association after per-group tuning, not causal effect"
strawberry_second,tft,52,VG_Fruit_009,VG_Fruit_016,CAT_039,-0.02727146764702737,995010ed9d3a861d600337831c71d690f6061da02383bae5e9c4951c1cc3f028,"association after per-group tuning, not causal effect"
strawberry_second,mlp,62,VG_Fruit_002,VG_Fruit_018,CAT_039,0.011925615146430646,995010ed9d3a861d600337831c71d690f6061da02383bae5e9c4951c1cc3f028,"association after per-group tuning, not causal effect"
strawberry_second,random_forest,52,VG_Fruit_002,VG_Fruit_018,CAT_039,0.0025682259478007063,995010ed9d3a861d600337831c71d690f6061da02383bae5e9c4951c1cc3f028,"association after per-group tuning, not causal effect"
strawberry_second,tabm,82,VG_Fruit_016,VG_Fruit_018,CAT_031,0.07873981905799377,995010ed9d3a861d600337831c71d690f6061da02383bae5e9c4951c1cc3f028,"association after per-group tuning, not causal effect"
strawberry_second,poisson,62,VG_Fruit_016,VG_Fruit_018,CAT_031,-0.5183276375772456,995010ed9d3a861d600337831c71d690f6061da02383bae5e9c4951c1cc3f028,"association after per-group tuning, not causal effect"
strawberry_second,mlp,52,VG_Fruit_016,VG_Fruit_018,CAT_031,0.010035865623225115,995010ed9d3a861d600337831c71d690f6061da02383bae5e9c4951c1cc3f028,"association after per-group tuning, not causal effect"
strawberry_second,mlp,52,VG_Fruit_009,VG_Fruit_002,CAT_031,-0.008070035115409269,995010ed9d3a861d600337831c71d690f6061da02383bae5e9c4951c1cc3f028,"association after per-group tuning, not causal effect"
strawberry_second,mlp,52,VG_Fruit_009,VG_Fruit_016,CAT_039,-0.008826107066558397,995010ed9d3a861d600337831c71d690f6061da02383bae5e9c4951c1cc3f028,"association after per-group tuning, not causal effect"
strawberry_second,mlp,82,VG_Fruit_009,VG_Fruit_002,CAT_031,-0.00633367179490163,995010ed9d3a861d600337831c71d690f6061da02383bae5e9c4951c1cc3f028,"association after per-group tuning, not causal effect"
strawberry_second,mlp,82,VG_Fruit_009,VG_Fruit_016,CAT_039,0.007491989034911328,995010ed9d3a861d600337831c71d690f6061da02383bae5e9c4951c1cc3f028,"association after per-group tuning, not causal effect"
strawberry_second,tabm,62,VG_Fruit_016,VG_Fruit_018,CAT_031,-0.030806113394317824,995010ed9d3a861d600337831c71d690f6061da02383bae5e9c4951c1cc3f028,"association after per-group tuning, not causal effect"
strawberry_second,poisson,72,VG_Fruit_016,VG_Fruit_018,CAT_031,-0.5183276375772456,995010ed9d3a861d600337831c71d690f6061da02383bae5e9c4951c1cc3f028,"association after per-group tuning, not causal effect"
strawberry_second,tft,42,VG_Fruit_016,VG_Fruit_018,CAT_031,0.08192350259983772,995010ed9d3a861d600337831c71d690f6061da02383bae5e9c4951c1cc3f028,"association after per-group tuning, not causal effect"
strawberry_first,random_forest,52,VG_Fruit_007,VG_Fruit_012,CAT_030,-0.012478698196497717,e18d1ff83798d92c655d28ef0b49e52ba213b3fa4af4a5d3bcb35ce5e4dbbb4e,"association after per-group tuning, not causal effect"
strawberry_first,catboost,72,VG_Fruit_010,VG_Fruit_007,CAT_038,0.028505035881032592,e18d1ff83798d92c655d28ef0b49e52ba213b3fa4af4a5d3bcb35ce5e4dbbb4e,"association after per-group tuning, not causal effect"
strawberry_first,catboost,72,VG_Fruit_010,VG_Fruit_014,CAT_030,0.0044489027510115076,e18d1ff83798d92c655d28ef0b49e52ba213b3fa4af4a5d3bcb35ce5e4dbbb4e,"association after per-group tuning, not causal effect"
strawberry_first,poisson,82,VG_Fruit_007,VG_Fruit_012,CAT_030,-0.2983022879902415,e18d1ff83798d92c655d28ef0b49e52ba213b3fa4af4a5d3bcb35ce5e4dbbb4e,"association after per-group tuning, not causal effect"
strawberry_first,poisson,52,VG_Fruit_007,VG_Fruit_012,CAT_030,-0.2983022879902415,e18d1ff83798d92c655d28ef0b49e52ba213b3fa4af4a5d3bcb35ce5e4dbbb4e,"association after per-group tuning, not causal effect"
strawberry_first,mlp,82,VG_Fruit_014,VG_Fruit_012,CAT_038,0.00855648246228724,e18d1ff83798d92c655d28ef0b49e52ba213b3fa4af4a5d3bcb35ce5e4dbbb4e,"association after per-group tuning, not causal effect"
strawberry_first,random_forest,62,VG_Fruit_007,VG_Fruit_012,CAT_030,-0.009697909532228488,e18d1ff83798d92c655d28ef0b49e52ba213b3fa4af4a5d3bcb35ce5e4dbbb4e,"association after per-group tuning, not causal effect"
strawberry_first,mlp,72,VG_Fruit_010,VG_Fruit_014,CAT_030,0.06628019271222585,e18d1ff83798d92c655d28ef0b49e52ba213b3fa4af4a5d3bcb35ce5e4dbbb4e,"association after per-group tuning, not causal effect"
strawberry_first,mlp,72,VG_Fruit_010,VG_Fruit_007,CAT_038,0.018913043463691492,e18d1ff83798d92c655d28ef0b49e52ba213b3fa4af4a5d3bcb35ce5e4dbbb4e,"association after per-group tuning, not causal effect"
strawberry_first,random_forest,42,VG_Fruit_007,VG_Fruit_012,CAT_030,-0.010947826426571439,e18d1ff83798d92c655d28ef0b49e52ba213b3fa4af4a5d3bcb35ce5e4dbbb4e,"association after per-group tuning, not causal effect"
strawberry_first,catboost,62,VG_Fruit_010,VG_Fruit_007,CAT_038,0.02616471641783269,e18d1ff83798d92c655d28ef0b49e52ba213b3fa4af4a5d3bcb35ce5e4dbbb4e,"association after per-group tuning, not causal effect"
strawberry_first,catboost,62,VG_Fruit_010,VG_Fruit_014,CAT_030,0.01490388305123247,e18d1ff83798d92c655d28ef0b49e52ba213b3fa4af4a5d3bcb35ce5e4dbbb4e,"association after per-group tuning, not causal effect"
strawberry_first,tft,72,VG_Fruit_010,VG_Fruit_014,CAT_030,0.06296887709763999,e18d1ff83798d92c655d28ef0b49e52ba213b3fa4af4a5d3bcb35ce5e4dbbb4e,"association after per-group tuning, not causal effect"
strawberry_first,tft,72,VG_Fruit_010,VG_Fruit_007,CAT_038,0.10629650663336676,e18d1ff83798d92c655d28ef0b49e52ba213b3fa4af4a5d3bcb35ce5e4dbbb4e,"association after per-group tuning, not causal effect"
strawberry_first,tabm,42,VG_Fruit_010,VG_Fruit_014,CAT_030,-0.05322241619416057,e18d1ff83798d92c655d28ef0b49e52ba213b3fa4af4a5d3bcb35ce5e4dbbb4e,"association after per-group tuning, not causal effect"
strawberry_first,tabm,42,VG_Fruit_010,VG_Fruit_007,CAT_038,-0.23343597384585113,e18d1ff83798d92c655d28ef0b49e52ba213b3fa4af4a5d3bcb35ce5e4dbbb4e,"association after per-group tuning, not causal effect"
strawberry_first,mlp,62,VG_Fruit_007,VG_Fruit_012,CAT_030,0.0187499625591927,e18d1ff83798d92c655d28ef0b49e52ba213b3fa4af4a5d3bcb35ce5e4dbbb4e,"association after per-group tuning, not causal effect"
strawberry_first,mlp,82,VG_Fruit_007,VG_Fruit_012,CAT_030,0.11224966918901824,e18d1ff83798d92c655d28ef0b49e52ba213b3fa4af4a5d3bcb35ce5e4dbbb4e,"association after per-group tuning, not causal effect"
strawberry_first,tft,42,VG_Fruit_010,VG_Fruit_014,CAT_030,0.1282677453137342,e18d1ff83798d92c655d28ef0b49e52ba213b3fa4af4a5d3bcb35ce5e4dbbb4e,"association after per-group tuning, not causal effect"
strawberry_first,tft,42,VG_Fruit_010,VG_Fruit_007,CAT_038,0.015663313443413207,e18d1ff83798d92c655d28ef0b49e52ba213b3fa4af4a5d3bcb35ce5e4dbbb4e,"association after per-group tuning, not causal effect"
strawberry_first,random_forest,52,VG_Fruit_010,VG_Fruit_007,CAT_038,0.028952459405923392,e18d1ff83798d92c655d28ef0b49e52ba213b3fa4af4a5d3bcb35ce5e4dbbb4e,"association after per-group tuning, not causal effect"
strawberry_first,random_forest,52,VG_Fruit_010,VG_Fruit_014,CAT_030,0.018054303533034055,e18d1ff83798d92c655d28ef0b49e52ba213b3fa4af4a5d3bcb35ce5e4dbbb4e,"association after per-group tuning, not causal effect"
strawberry_first,tabm,72,VG_Fruit_010,VG_Fruit_014,CAT_030,0.003026788998704344,e18d1ff83798d92c655d28ef0b49e52ba213b3fa4af4a5d3bcb35ce5e4dbbb4e,"association after per-group tuning, not causal effect"
strawberry_first,tabm,72,VG_Fruit_010,VG_Fruit_007,CAT_038,0.0680295145718448,e18d1ff83798d92c655d28ef0b49e52ba213b3fa4af4a5d3bcb35ce5e4dbbb4e,"association after per-group tuning, not causal effect"
strawberry_first,tft,72,VG_Fruit_014,VG_Fruit_012,CAT_038,0.01583137323548378,e18d1ff83798d92c655d28ef0b49e52ba213b3fa4af4a5d3bcb35ce5e4dbbb4e,"association after per-group tuning, not causal effect"
strawberry_first,catboost,42,VG_Fruit_014,VG_Fruit_012,CAT_038,0.01899180504969311,e18d1ff83798d92c655d28ef0b49e52ba213b3fa4af4a5d3bcb35ce5e4dbbb4e,"association after per-group tuning, not causal effect"
strawberry_first,random_forest,52,VG_Fruit_014,VG_Fruit_012,CAT_038,-0.0015805423236083804,e18d1ff83798d92c655d28ef0b49e52ba213b3fa4af4a5d3bcb35ce5e4dbbb4e,"association after per-group tuning, not causal effect"
strawberry_first,poisson,72,VG_Fruit_014,VG_Fruit_012,CAT_038,-0.0009538000350783893,e18d1ff83798d92c655d28ef0b49e52ba213b3fa4af4a5d3bcb35ce5e4dbbb4e,"association after per-group tuning, not causal effect"
strawberry_first,mlp,42,VG_Fruit_007,VG_Fruit_012,CAT_030,0.012718167487019372,e18d1ff83798d92c655d28ef0b49e52ba213b3fa4af4a5d3bcb35ce5e4dbbb4e,"association after per-group tuning, not causal effect"
strawberry_first,random_forest,42,VG_Fruit_014,VG_Fruit_012,CAT_038,-0.004038037887528434,e18d1ff83798d92c655d28ef0b49e52ba213b3fa4af4a5d3bcb35ce5e4dbbb4e,"association after per-group tuning, not causal effect"
strawberry_first,poisson,42,VG_Fruit_007,VG_Fruit_012,CAT_030,-0.2983022879902415,e18d1ff83798d92c655d28ef0b49e52ba213b3fa4af4a5d3bcb35ce5e4dbbb4e,"association after per-group tuning, not causal effect"
strawberry_first,mlp,62,VG_Fruit_014,VG_Fruit_012,CAT_038,-0.03073325712203223,e18d1ff83798d92c655d28ef0b49e52ba213b3fa4af4a5d3bcb35ce5e4dbbb4e,"association after per-group tuning, not causal effect"
strawberry_first,tabm,52,VG_Fruit_014,VG_Fruit_012,CAT_038,-0.0870169295325518,e18d1ff83798d92c655d28ef0b49e52ba213b3fa4af4a5d3bcb35ce5e4dbbb4e,"association after per-group tuning, not causal effect"
strawberry_first,tft,72,VG_Fruit_007,VG_Fruit_012,CAT_030,-0.027496256300242994,e18d1ff83798d92c655d28ef0b49e52ba213b3fa4af4a5d3bcb35ce5e4dbbb4e,"association after per-group tuning, not causal effect"
strawberry_first,poisson,62,VG_Fruit_014,VG_Fruit_012,CAT_038,-0.0009538000350783893,e18d1ff83798d92c655d28ef0b49e52ba213b3fa4af4a5d3bcb35ce5e4dbbb4e,"association after per-group tuning, not causal effect"
strawberry_first,tabm,62,VG_Fruit_014,VG_Fruit_012,CAT_038,-0.020937768001899615,e18d1ff83798d92c655d28ef0b49e52ba213b3fa4af4a5d3bcb35ce5e4dbbb4e,"association after per-group tuning, not causal effect"
strawberry_first,poisson,72,VG_Fruit_010,VG_Fruit_014,CAT_030,-0.3358033006272052,e18d1ff83798d92c655d28ef0b49e52ba213b3fa4af4a5d3bcb35ce5e4dbbb4e,"association after per-group tuning, not causal effect"
strawberry_first,poisson,72,VG_Fruit_010,VG_Fruit_007,CAT_038,-0.038454812672042094,e18d1ff83798d92c655d28ef0b49e52ba213b3fa4af4a5d3bcb35ce5e4dbbb4e,"association after per-group tuning, not causal effect"
strawberry_first,catboost,72,VG_Fruit_007,VG_Fruit_012,CAT_030,-0.008018089210229506,e18d1ff83798d92c655d28ef0b49e52ba213b3fa4af4a5d3bcb35ce5e4dbbb4e,"association after per-group tuning, not causal effect"
strawberry_first,mlp,52,VG_Fruit_014,VG_Fruit_012,CAT_038,-0.015074854099583979,e18d1ff83798d92c655d28ef0b49e52ba213b3fa4af4a5d3bcb35ce5e4dbbb4e,"association after per-group tuning, not causal effect"
strawberry_first,tft,62,VG_Fruit_010,VG_Fruit_014,CAT_030,0.2286044557937652,e18d1ff83798d92c655d28ef0b49e52ba213b3fa4af4a5d3bcb35ce5e4dbbb4e,"association after per-group tuning, not causal effect"
strawberry_first,tft,62,VG_Fruit_010,VG_Fruit_007,CAT_038,0.0770775984722023,e18d1ff83798d92c655d28ef0b49e52ba213b3fa4af4a5d3bcb35ce5e4dbbb4e,"association after per-group tuning, not causal effect"
strawberry_first,poisson,82,VG_Fruit_010,VG_Fruit_007,CAT_038,-0.038454812672042094,e18d1ff83798d92c655d28ef0b49e52ba213b3fa4af4a5d3bcb35ce5e4dbbb4e,"association after per-group tuning, not causal effect"
strawberry_first,poisson,82,VG_Fruit_010,VG_Fruit_014,CAT_030,-0.3358033006272052,e18d1ff83798d92c655d28ef0b49e52ba213b3fa4af4a5d3bcb35ce5e4dbbb4e,"association after per-group tuning, not causal effect"
strawberry_first,tft,82,VG_Fruit_007,VG_Fruit_012,CAT_030,0.08281707510300862,e18d1ff83798d92c655d28ef0b49e52ba213b3fa4af4a5d3bcb35ce5e4dbbb4e,"association after per-group tuning, not causal effect"
strawberry_first,random_forest,82,VG_Fruit_007,VG_Fruit_012,CAT_030,0.002101862967049062,e18d1ff83798d92c655d28ef0b49e52ba213b3fa4af4a5d3bcb35ce5e4dbbb4e,"association after per-group tuning, not causal effect"
strawberry_first,catboost,82,VG_Fruit_007,VG_Fruit_012,CAT_030,0.008501363061446998,e18d1ff83798d92c655d28ef0b49e52ba213b3fa4af4a5d3bcb35ce5e4dbbb4e,"association after per-group tuning, not causal effect"
strawberry_first,tft,62,VG_Fruit_014,VG_Fruit_012,CAT_038,0.0435564250357896,e18d1ff83798d92c655d28ef0b49e52ba213b3fa4af4a5d3bcb35ce5e4dbbb4e,"association after per-group tuning, not causal effect"
strawberry_first,tft,42,VG_Fruit_014,VG_Fruit_012,CAT_038,-0.006059627020150948,e18d1ff83798d92c655d28ef0b49e52ba213b3fa4af4a5d3bcb35ce5e4dbbb4e,"association after per-group tuning, not causal effect"
strawberry_first,tabm,62,VG_Fruit_010,VG_Fruit_014,CAT_030,-0.10189558958617417,e18d1ff83798d92c655d28ef0b49e52ba213b3fa4af4a5d3bcb35ce5e4dbbb4e,"association after per-group tuning, not causal effect"
strawberry_first,tabm,62,VG_Fruit_010,VG_Fruit_007,CAT_038,-0.10284970427370732,e18d1ff83798d92c655d28ef0b49e52ba213b3fa4af4a5d3bcb35ce5e4dbbb4e,"association after per-group tuning, not causal effect"
strawberry_first,mlp,72,VG_Fruit_014,VG_Fruit_012,CAT_038,-0.05883433581159947,e18d1ff83798d92c655d28ef0b49e52ba213b3fa4af4a5d3bcb35ce5e4dbbb4e,"association after per-group tuning, not causal effect"
strawberry_first,random_forest,82,VG_Fruit_014,VG_Fruit_012,CAT_038,0.002186942533265235,e18d1ff83798d92c655d28ef0b49e52ba213b3fa4af4a5d3bcb35ce5e4dbbb4e,"association after per-group tuning, not causal effect"
strawberry_first,mlp,42,VG_Fruit_010,VG_Fruit_007,CAT_038,-0.06807589859557961,e18d1ff83798d92c655d28ef0b49e52ba213b3fa4af4a5d3bcb35ce5e4dbbb4e,"association after per-group tuning, not causal effect"
strawberry_first,mlp,42,VG_Fruit_010,VG_Fruit_014,CAT_030,0.1548411671288541,e18d1ff83798d92c655d28ef0b49e52ba213b3fa4af4a5d3bcb35ce5e4dbbb4e,"association after per-group tuning, not causal effect"
strawberry_first,mlp,72,VG_Fruit_007,VG_Fruit_012,CAT_030,-0.011467186563065113,e18d1ff83798d92c655d28ef0b49e52ba213b3fa4af4a5d3bcb35ce5e4dbbb4e,"association after per-group tuning, not causal effect"
strawberry_first,tabm,72,VG_Fruit_014,VG_Fruit_012,CAT_038,0.05115276039690286,e18d1ff83798d92c655d28ef0b49e52ba213b3fa4af4a5d3bcb35ce5e4dbbb4e,"association after per-group tuning, not causal effect"
strawberry_first,catboost,42,VG_Fruit_007,VG_Fruit_012,CAT_030,0.0011294484202650779,e18d1ff83798d92c655d28ef0b49e52ba213b3fa4af4a5d3bcb35ce5e4dbbb4e,"association after per-group tuning, not causal effect"
strawberry_first,tabm,62,VG_Fruit_007,VG_Fruit_012,CAT_030,-0.019983653314366467,e18d1ff83798d92c655d28ef0b49e52ba213b3fa4af4a5d3bcb35ce5e4dbbb4e,"association after per-group tuning, not causal effect"
strawberry_first,poisson,52,VG_Fruit_014,VG_Fruit_012,CAT_038,-0.0009538000350783893,e18d1ff83798d92c655d28ef0b49e52ba213b3fa4af4a5d3bcb35ce5e4dbbb4e,"association after per-group tuning, not causal effect"
strawberry_first,tabm,42,VG_Fruit_014,VG_Fruit_012,CAT_038,0.05287274873672754,e18d1ff83798d92c655d28ef0b49e52ba213b3fa4af4a5d3bcb35ce5e4dbbb4e,"association after per-group tuning, not causal effect"
strawberry_first,tabm,82,VG_Fruit_014,VG_Fruit_012,CAT_038,-0.35306265510894086,e18d1ff83798d92c655d28ef0b49e52ba213b3fa4af4a5d3bcb35ce5e4dbbb4e,"association after per-group tuning, not causal effect"
strawberry_first,tft,62,VG_Fruit_007,VG_Fruit_012,CAT_030,0.1950832823573525,e18d1ff83798d92c655d28ef0b49e52ba213b3fa4af4a5d3bcb35ce5e4dbbb4e,"association after per-group tuning, not causal effect"
strawberry_first,poisson,52,VG_Fruit_010,VG_Fruit_007,CAT_038,-0.038454812672042094,e18d1ff83798d92c655d28ef0b49e52ba213b3fa4af4a5d3bcb35ce5e4dbbb4e,"association after per-group tuning, not causal effect"
strawberry_first,poisson,52,VG_Fruit_010,VG_Fruit_014,CAT_030,-0.3358033006272052,e18d1ff83798d92c655d28ef0b49e52ba213b3fa4af4a5d3bcb35ce5e4dbbb4e,"association after per-group tuning, not causal effect"
strawberry_first,catboost,52,VG_Fruit_007,VG_Fruit_012,CAT_030,0.004189977010779167,e18d1ff83798d92c655d28ef0b49e52ba213b3fa4af4a5d3bcb35ce5e4dbbb4e,"association after per-group tuning, not causal effect"
strawberry_first,mlp,52,VG_Fruit_010,VG_Fruit_014,CAT_030,0.06712649153067529,e18d1ff83798d92c655d28ef0b49e52ba213b3fa4af4a5d3bcb35ce5e4dbbb4e,"association after per-group tuning, not causal effect"
strawberry_first,mlp,52,VG_Fruit_010,VG_Fruit_007,CAT_038,-0.002543731575091579,e18d1ff83798d92c655d28ef0b49e52ba213b3fa4af4a5d3bcb35ce5e4dbbb4e,"association after per-group tuning, not causal effect"
strawberry_first,catboost,72,VG_Fruit_014,VG_Fruit_012,CAT_038,0.016038043919791578,e18d1ff83798d92c655d28ef0b49e52ba213b3fa4af4a5d3bcb35ce5e4dbbb4e,"association after per-group tuning, not causal effect"
strawberry_first,mlp,52,VG_Fruit_007,VG_Fruit_012,CAT_030,0.05459536900618289,e18d1ff83798d92c655d28ef0b49e52ba213b3fa4af4a5d3bcb35ce5e4dbbb4e,"association after per-group tuning, not causal effect"
strawberry_first,catboost,62,VG_Fruit_007,VG_Fruit_012,CAT_030,0.008532619011123677,e18d1ff83798d92c655d28ef0b49e52ba213b3fa4af4a5d3bcb35ce5e4dbbb4e,"association after per-group tuning, not causal effect"
strawberry_first,tft,42,VG_Fruit_007,VG_Fruit_012,CAT_030,0.10654480485017004,e18d1ff83798d92c655d28ef0b49e52ba213b3fa4af4a5d3bcb35ce5e4dbbb4e,"association after per-group tuning, not causal effect"
strawberry_first,poisson,82,VG_Fruit_014,VG_Fruit_012,CAT_038,-0.0009538000350783893,e18d1ff83798d92c655d28ef0b49e52ba213b3fa4af4a5d3bcb35ce5e4dbbb4e,"association after per-group tuning, not causal effect"
strawberry_first,random_forest,82,VG_Fruit_010,VG_Fruit_007,CAT_038,0.016679954122784002,e18d1ff83798d92c655d28ef0b49e52ba213b3fa4af4a5d3bcb35ce5e4dbbb4e,"association after per-group tuning, not causal effect"
strawberry_first,random_forest,82,VG_Fruit_010,VG_Fruit_014,CAT_030,0.01659487455656783,e18d1ff83798d92c655d28ef0b49e52ba213b3fa4af4a5d3bcb35ce5e4dbbb4e,"association after per-group tuning, not causal effect"
strawberry_first,random_forest,62,VG_Fruit_010,VG_Fruit_007,CAT_038,0.02494133632272133,e18d1ff83798d92c655d28ef0b49e52ba213b3fa4af4a5d3bcb35ce5e4dbbb4e,"association after per-group tuning, not causal effect"
strawberry_first,random_forest,62,VG_Fruit_010,VG_Fruit_014,CAT_030,0.016017190857087416,e18d1ff83798d92c655d28ef0b49e52ba213b3fa4af4a5d3bcb35ce5e4dbbb4e,"association after per-group tuning, not causal effect"
strawberry_first,random_forest,72,VG_Fruit_007,VG_Fruit_012,CAT_030,-0.014741993556088184,e18d1ff83798d92c655d28ef0b49e52ba213b3fa4af4a5d3bcb35ce5e4dbbb4e,"association after per-group tuning, not causal effect"
strawberry_first,poisson,62,VG_Fruit_007,VG_Fruit_012,CAT_030,-0.2983022879902415,e18d1ff83798d92c655d28ef0b49e52ba213b3fa4af4a5d3bcb35ce5e4dbbb4e,"association after per-group tuning, not causal effect"
strawberry_first,catboost,52,VG_Fruit_010,VG_Fruit_007,CAT_038,0.03192075305417874,e18d1ff83798d92c655d28ef0b49e52ba213b3fa4af4a5d3bcb35ce5e4dbbb4e,"association after per-group tuning, not causal effect"
strawberry_first,catboost,52,VG_Fruit_010,VG_Fruit_014,CAT_030,0.024102581376770793,e18d1ff83798d92c655d28ef0b49e52ba213b3fa4af4a5d3bcb35ce5e4dbbb4e,"association after per-group tuning, not causal effect"
strawberry_first,catboost,62,VG_Fruit_014,VG_Fruit_012,CAT_038,0.019793452377723897,e18d1ff83798d92c655d28ef0b49e52ba213b3fa4af4a5d3bcb35ce5e4dbbb4e,"association after per-group tuning, not causal effect"
strawberry_first,tft,52,VG_Fruit_014,VG_Fruit_012,CAT_038,-0.0629598601760113,e18d1ff83798d92c655d28ef0b49e52ba213b3fa4af4a5d3bcb35ce5e4dbbb4e,"association after per-group tuning, not causal effect"
strawberry_first,tabm,52,VG_Fruit_010,VG_Fruit_014,CAT_030,0.15267520822953284,e18d1ff83798d92c655d28ef0b49e52ba213b3fa4af4a5d3bcb35ce5e4dbbb4e,"association after per-group tuning, not causal effect"
strawberry_first,tabm,52,VG_Fruit_010,VG_Fruit_007,CAT_038,-0.07981231779205067,e18d1ff83798d92c655d28ef0b49e52ba213b3fa4af4a5d3bcb35ce5e4dbbb4e,"association after per-group tuning, not causal effect"
strawberry_first,poisson,62,VG_Fruit_010,VG_Fruit_014,CAT_030,-0.3358033006272052,e18d1ff83798d92c655d28ef0b49e52ba213b3fa4af4a5d3bcb35ce5e4dbbb4e,"association after per-group tuning, not causal effect"
strawberry_first,poisson,62,VG_Fruit_010,VG_Fruit_007,CAT_038,-0.038454812672042094,e18d1ff83798d92c655d28ef0b49e52ba213b3fa4af4a5d3bcb35ce5e4dbbb4e,"association after per-group tuning, not causal effect"
strawberry_first,tabm,42,VG_Fruit_007,VG_Fruit_012,CAT_030,0.2330863063884181,e18d1ff83798d92c655d28ef0b49e52ba213b3fa4af4a5d3bcb35ce5e4dbbb4e,"association after per-group tuning, not causal effect"
strawberry_first,catboost,82,VG_Fruit_010,VG_Fruit_007,CAT_038,0.01707133012090223,e18d1ff83798d92c655d28ef0b49e52ba213b3fa4af4a5d3bcb35ce5e4dbbb4e,"association after per-group tuning, not causal effect"
strawberry_first,catboost,82,VG_Fruit_010,VG_Fruit_014,CAT_030,0.016831945652644675,e18d1ff83798d92c655d28ef0b49e52ba213b3fa4af4a5d3bcb35ce5e4dbbb4e,"association after per-group tuning, not causal effect"
strawberry_first,poisson,42,VG_Fruit_014,VG_Fruit_012,CAT_038,-0.0009538000350783893,e18d1ff83798d92c655d28ef0b49e52ba213b3fa4af4a5d3bcb35ce5e4dbbb4e,"association after per-group tuning, not causal effect"
strawberry_first,tabm,82,VG_Fruit_007,VG_Fruit_012,CAT_030,0.013807752199620271,e18d1ff83798d92c655d28ef0b49e52ba213b3fa4af4a5d3bcb35ce5e4dbbb4e,"association after per-group tuning, not causal effect"
strawberry_first,random_forest,62,VG_Fruit_014,VG_Fruit_012,CAT_038,-0.0007737640665945733,e18d1ff83798d92c655d28ef0b49e52ba213b3fa4af4a5d3bcb35ce5e4dbbb4e,"association after per-group tuning, not causal effect"
strawberry_first,random_forest,42,VG_Fruit_010,VG_Fruit_007,CAT_038,0.023145493311479193,e18d1ff83798d92c655d28ef0b49e52ba213b3fa4af4a5d3bcb35ce5e4dbbb4e,"association after per-group tuning, not causal effect"
strawberry_first,random_forest,42,VG_Fruit_010,VG_Fruit_014,CAT_030,0.016235704772436188,e18d1ff83798d92c655d28ef0b49e52ba213b3fa4af4a5d3bcb35ce5e4dbbb4e,"association after per-group tuning, not causal effect"
strawberry_first,random_forest,72,VG_Fruit_010,VG_Fruit_007,CAT_038,0.02500810949440746,e18d1ff83798d92c655d28ef0b49e52ba213b3fa4af4a5d3bcb35ce5e4dbbb4e,"association after per-group tuning, not causal effect"
strawberry_first,random_forest,72,VG_Fruit_010,VG_Fruit_014,CAT_030,0.014976171200492772,e18d1ff83798d92c655d28ef0b49e52ba213b3fa4af4a5d3bcb35ce5e4dbbb4e,"association after per-group tuning, not causal effect"
strawberry_first,tft,82,VG_Fruit_010,VG_Fruit_007,CAT_038,0.08851125349646694,e18d1ff83798d92c655d28ef0b49e52ba213b3fa4af4a5d3bcb35ce5e4dbbb4e,"association after per-group tuning, not causal effect"
strawberry_first,tft,82,VG_Fruit_010,VG_Fruit_014,CAT_030,0.1974073519730819,e18d1ff83798d92c655d28ef0b49e52ba213b3fa4af4a5d3bcb35ce5e4dbbb4e,"association after per-group tuning, not causal effect"
strawberry_first,tabm,52,VG_Fruit_007,VG_Fruit_012,CAT_030,0.1454705964890317,e18d1ff83798d92c655d28ef0b49e52ba213b3fa4af4a5d3bcb35ce5e4dbbb4e,"association after per-group tuning, not causal effect"
strawberry_first,catboost,42,VG_Fruit_010,VG_Fruit_014,CAT_030,0.025409146959152418,e18d1ff83798d92c655d28ef0b49e52ba213b3fa4af4a5d3bcb35ce5e4dbbb4e,"association after per-group tuning, not causal effect"
strawberry_first,catboost,42,VG_Fruit_010,VG_Fruit_007,CAT_038,0.04327150358858045,e18d1ff83798d92c655d28ef0b49e52ba213b3fa4af4a5d3bcb35ce5e4dbbb4e,"association after per-group tuning, not causal effect"
strawberry_first,tft,82,VG_Fruit_014,VG_Fruit_012,CAT_038,-0.026079023373606347,e18d1ff83798d92c655d28ef0b49e52ba213b3fa4af4a5d3bcb35ce5e4dbbb4e,"association after per-group tuning, not causal effect"
strawberry_first,poisson,42,VG_Fruit_010,VG_Fruit_007,CAT_038,-0.038454812672042094,e18d1ff83798d92c655d28ef0b49e52ba213b3fa4af4a5d3bcb35ce5e4dbbb4e,"association after per-group tuning, not causal effect"
strawberry_first,poisson,42,VG_Fruit_010,VG_Fruit_014,CAT_030,-0.3358033006272052,e18d1ff83798d92c655d28ef0b49e52ba213b3fa4af4a5d3bcb35ce5e4dbbb4e,"association after per-group tuning, not causal effect"
strawberry_first,tft,52,VG_Fruit_010,VG_Fruit_014,CAT_030,0.10765593124796147,e18d1ff83798d92c655d28ef0b49e52ba213b3fa4af4a5d3bcb35ce5e4dbbb4e,"association after per-group tuning, not causal effect"
strawberry_first,tft,52,VG_Fruit_010,VG_Fruit_007,CAT_038,-0.002037917042536419,e18d1ff83798d92c655d28ef0b49e52ba213b3fa4af4a5d3bcb35ce5e4dbbb4e,"association after per-group tuning, not causal effect"
strawberry_first,catboost,82,VG_Fruit_014,VG_Fruit_012,CAT_038,0.008740747529704551,e18d1ff83798d92c655d28ef0b49e52ba213b3fa4af4a5d3bcb35ce5e4dbbb4e,"association after per-group tuning, not causal effect"
strawberry_first,mlp,42,VG_Fruit_014,VG_Fruit_012,CAT_038,-0.21019889823741433,e18d1ff83798d92c655d28ef0b49e52ba213b3fa4af4a5d3bcb35ce5e4dbbb4e,"association after per-group tuning, not causal effect"
strawberry_first,catboost,52,VG_Fruit_014,VG_Fruit_012,CAT_038,0.012008148688187115,e18d1ff83798d92c655d28ef0b49e52ba213b3fa4af4a5d3bcb35ce5e4dbbb4e,"association after per-group tuning, not causal effect"
strawberry_first,mlp,62,VG_Fruit_010,VG_Fruit_007,CAT_038,0.014562317079231057,e18d1ff83798d92c655d28ef0b49e52ba213b3fa4af4a5d3bcb35ce5e4dbbb4e,"association after per-group tuning, not causal effect"
strawberry_first,mlp,62,VG_Fruit_010,VG_Fruit_014,CAT_030,0.06404553676045599,e18d1ff83798d92c655d28ef0b49e52ba213b3fa4af4a5d3bcb35ce5e4dbbb4e,"association after per-group tuning, not causal effect"
strawberry_first,poisson,72,VG_Fruit_007,VG_Fruit_012,CAT_030,-0.2983022879902415,e18d1ff83798d92c655d28ef0b49e52ba213b3fa4af4a5d3bcb35ce5e4dbbb4e,"association after per-group tuning, not causal effect"
strawberry_first,random_forest,72,VG_Fruit_014,VG_Fruit_012,CAT_038,-0.004710055262173496,e18d1ff83798d92c655d28ef0b49e52ba213b3fa4af4a5d3bcb35ce5e4dbbb4e,"association after per-group tuning, not causal effect"
strawberry_first,tabm,82,VG_Fruit_010,VG_Fruit_014,CAT_030,0.3167783017770469,e18d1ff83798d92c655d28ef0b49e52ba213b3fa4af4a5d3bcb35ce5e4dbbb4e,"association after per-group tuning, not causal effect"
strawberry_first,tabm,82,VG_Fruit_010,VG_Fruit_007,CAT_038,-0.05009210553151422,e18d1ff83798d92c655d28ef0b49e52ba213b3fa4af4a5d3bcb35ce5e4dbbb4e,"association after per-group tuning, not causal effect"
strawberry_first,mlp,82,VG_Fruit_010,VG_Fruit_014,CAT_030,0.08522364841988805,e18d1ff83798d92c655d28ef0b49e52ba213b3fa4af4a5d3bcb35ce5e4dbbb4e,"association after per-group tuning, not causal effect"
strawberry_first,mlp,82,VG_Fruit_010,VG_Fruit_007,CAT_038,-0.018469538306842948,e18d1ff83798d92c655d28ef0b49e52ba213b3fa4af4a5d3bcb35ce5e4dbbb4e,"association after per-group tuning, not causal effect"
strawberry_first,tft,52,VG_Fruit_007,VG_Fruit_012,CAT_030,0.04673398811448659,e18d1ff83798d92c655d28ef0b49e52ba213b3fa4af4a5d3bcb35ce5e4dbbb4e,"association after per-group tuning, not causal effect"
strawberry_first,tabm,72,VG_Fruit_007,VG_Fruit_012,CAT_030,-0.0138499651762376,e18d1ff83798d92c655d28ef0b49e52ba213b3fa4af4a5d3bcb35ce5e4dbbb4e,"association after per-group tuning, not causal effect"
