crop,facility_id,crop_sn,actual_rows,unique_dates,dates_str,sample_count,samples_str,prediction_pairs,excluded_rows,exclusion_reasons,is_single_observation,custom_notice
tomato,PF_0002529_01,46,198,22,2024-10-07 ~ 2025-03-10,9,"#1, #2, #3, #4, #5, #6, #7, #8, #9",189,9,no_next_observation (9건),False,
tomato,PF_0020209_01,80,285,34,2024-10-08 ~ 2025-06-13,9,"#1, #2, #3, #4, #5, #6, #7, #8, #9",276,9,no_next_observation (9건),False,
tomato,PF_0020209_01,81,3,1,2025-10-20,3,"#2, #4, #8",0,3,no_next_observation (3건),True,이 작기는 꽃수 관측이 2025-10-20 한 시점에만 존재하여 다음 조사값 예측쌍을 생성할 수 없습니다. 원본 관측은 보존되지만 모델 학습·검증·평가에서는 제외됩니다.
tomato,PF_0024689_01,163,225,25,2024-10-03 ~ 2025-04-30,9,"#1, #2, #3, #4, #5, #6, #7, #8, #9",216,9,no_next_observation (9건),False,
tomato,PF_0024693_01,171,177,21,2024-10-22 ~ 2025-03-10,9,"#1, #2, #3, #4, #5, #6, #7, #8, #9",168,9,no_next_observation (9건),False,
tomato,PF_0024693_01,172,1,1,2025-10-20,1,#1,0,1,no_next_observation (1건),True,이 작기는 실제 꽃수/착과수 관측이 2025-10-20 한 시점에만 존재하여 다음 조사값 예측쌍을 생성할 수 없습니다. 원본 관측은 보존되지만 모델 학습·검증·평가에서는 제외됩니다.
tomato,PF_0024696_01,175,243,27,2024-10-30 ~ 2025-04-29,9,"#1, #2, #3, #4, #5, #6, #7, #8, #9",234,9,no_next_observation (9건),False,
tomato,PF_0024696_01,176,45,5,2025-09-10 ~ 2025-10-08,9,"#1, #2, #3, #4, #5, #6, #7, #8, #9",36,9,no_next_observation (9건),False,
tomato,PF_0024697_01,177,243,27,2024-10-30 ~ 2025-04-29,9,"#1, #2, #3, #4, #5, #6, #7, #8, #9",234,9,no_next_observation (9건),False,
tomato,PF_0024697_01,178,36,4,2025-09-10 ~ 2025-10-15,9,"#1, #2, #3, #4, #5, #6, #7, #8, #9",27,9,no_next_observation (9건),False,
tomato,PF_0024698_01,179,99,11,2024-11-21 ~ 2025-02-01,9,"#1, #2, #3, #4, #5, #6, #7, #8, #9",90,9,no_next_observation (9건),False,
tomato,PF_0024698_01,180,13,3,2025-10-21 ~ 2025-11-04,7,"#1, #2, #3, #4, #6, #7, #9",6,7,no_next_observation (7건),False,
tomato,PF_0025101_01,194,233,26,2024-10-01 ~ 2025-04-01,9,"#1, #2, #3, #4, #5, #6, #7, #8, #9",224,9,no_next_observation (9건),False,
tomato,PF_0025101_01,195,8,2,2025-10-27 ~ 2025-11-04,7,"#1, #3, #4, #5, #6, #8, #9",1,7,no_next_observation (7건),False,
tomato,PF_0025108_01,205,298,34,2024-09-30 ~ 2025-06-07,9,"#1, #2, #3, #4, #5, #6, #7, #8, #9",289,9,no_next_observation (9건),False,
tomato,PF_0025108_01,206,72,8,2025-08-06 ~ 2025-10-08,9,"#1, #2, #3, #4, #5, #6, #7, #8, #9",63,9,no_next_observation (9건),False,
tomato,PF_0025108_01,207,7,1,2026-08-12,7,"#1, #2, #3, #5, #6, #7, #8",0,7,no_next_observation (7건),True,이 작기는 실제 꽃수/착과수 관측이 2026-08-12 한 시점에만 존재하여 다음 조사값 예측쌍을 생성할 수 없습니다. 원본 관측은 보존되지만 모델 학습·검증·평가에서는 제외됩니다.
tomato,PF_0026456_01,208,53,6,2025-09-23 ~ 2025-10-27,9,"#1, #2, #3, #4, #5, #6, #7, #8, #9",44,9,no_next_observation (9건),False,
strawberry,PF_0000574_01,PF_0000574|7579|2024-09-01,288,32,2024-10-07 ~ 2025-06-05,9,"#1, #2, #3, #4, #5, #6, #7, #8, #9",279,9,no_next_observation (9건),False,
strawberry,PF_0000778_01,PF_0000778|7578|2024-09-15,279,31,2024-10-14 ~ 2025-06-05,9,"#1, #2, #3, #4, #5, #6, #7, #8, #9",270,9,no_next_observation (9건),False,
strawberry,PF_0002037_01,PF_0002037|7532|2024-09-20,252,28,2024-10-10 ~ 2025-04-29,9,"#1, #2, #3, #4, #5, #6, #7, #8, #9",243,9,no_next_observation (9건),False,
strawberry,PF_0002037_01,PF_0002037|9035|2025-09-15,56,8,2026-04-07 ~ 2026-05-26,7,"#1, #2, #4, #5, #6, #7, #9",49,7,no_next_observation (7건),False,
strawberry,PF_0021351_01,PF_0021351|7540|2024-09-07,238,29,2024-10-07 ~ 2025-04-29,9,"#1, #2, #3, #4, #5, #6, #7, #8, #9",229,9,no_next_observation (9건),False,
strawberry,PF_0021351_01,PF_0021351|9028|2025-09-10,83,17,2025-12-15 ~ 2026-05-20,8,"#1, #2, #3, #4, #5, #6, #7, #8",75,8,no_next_observation (8건),False,
strawberry,PF_0022105_01,PF_0022105|7566|2024-09-01,206,26,2024-10-07 ~ 2025-04-09,9,"#1, #2, #3, #4, #5, #6, #7, #8, #9",197,9,no_next_observation (9건),False,
strawberry,PF_0022105_01,PF_0022105|9021|2025-09-22,94,15,2026-01-19 ~ 2026-05-27,9,"#1, #2, #3, #4, #5, #6, #7, #8, #9",85,9,no_next_observation (9건),False,
strawberry,PF_0023621_01,PF_0023621|7565|2024-09-15,196,27,2024-10-01 ~ 2025-04-08,9,"#1, #2, #3, #4, #5, #6, #7, #8, #9",187,9,no_next_observation (9건),False,
strawberry,PF_0023732_01,PF_0023732|7564|2024-08-31,274,31,2024-10-08 ~ 2025-05-28,9,"#1, #2, #3, #4, #5, #6, #7, #8, #9",265,9,no_next_observation (9건),False,
strawberry,PF_0023732_01,PF_0023732|9011|2025-08-30,81,9,2026-04-08 ~ 2026-06-03,9,"#1, #2, #3, #4, #5, #6, #7, #8, #9",72,9,no_next_observation (9건),False,
strawberry,PF_0023743_01,PF_0023743|7559|2024-09-10,269,30,2024-10-08 ~ 2025-05-21,9,"#1, #2, #3, #4, #5, #6, #7, #8, #9",260,9,no_next_observation (9건),False,
strawberry,PF_0023743_01,PF_0023743|9008|2025-09-07,93,14,2026-02-20 ~ 2026-05-21,9,"#1, #2, #3, #4, #5, #6, #7, #8, #9",84,9,no_next_observation (9건),False,
strawberry,PF_0023923_01,PF_0023923|7562|2024-08-31,218,29,2024-10-08 ~ 2025-04-30,9,"#1, #2, #3, #4, #5, #6, #7, #8, #9",209,9,no_next_observation (9건),False,
strawberry,PF_0023923_01,PF_0023923|9036|2025-09-15,36,4,2026-04-16 ~ 2026-05-07,9,"#1, #2, #3, #4, #5, #6, #7, #8, #9",27,9,no_next_observation (9건),False,
strawberry,PF_0024357_01,PF_0024357|7560|2024-09-09,250,29,2024-10-08 ~ 2025-04-30,9,"#1, #2, #3, #4, #5, #6, #7, #8, #9",241,9,no_next_observation (9건),False,
strawberry,PF_0024357_01,PF_0024357|9037|2025-09-17,36,4,2026-04-09 ~ 2026-04-30,9,"#1, #2, #3, #4, #5, #6, #7, #8, #9",27,9,no_next_observation (9건),False,
strawberry,PF_0024365_01,PF_0024365|7561|2024-09-10,247,29,2024-10-08 ~ 2025-04-30,9,"#1, #2, #3, #4, #5, #6, #7, #8, #9",238,9,no_next_observation (9건),False,
strawberry,PF_0024651_01,PF_0024651|7538|2024-09-15,279,31,2024-10-14 ~ 2025-06-05,9,"#1, #2, #3, #4, #5, #6, #7, #8, #9",270,9,no_next_observation (9건),False,
strawberry,PF_0024654_01,PF_0024654|7527|2024-09-15,279,31,2024-10-14 ~ 2025-06-05,9,"#1, #2, #3, #4, #5, #6, #7, #8, #9",270,9,no_next_observation (9건),False,
strawberry,PF_0024655_01,PF_0024655|7533|2024-09-15,279,31,2024-10-14 ~ 2025-06-05,9,"#1, #2, #3, #4, #5, #6, #7, #8, #9",270,9,no_next_observation (9건),False,
strawberry,PF_0024688_01,PF_0024688|7558|2024-09-01,268,30,2024-10-08 ~ 2025-05-21,9,"#1, #2, #3, #4, #5, #6, #7, #8, #9",259,9,no_next_observation (9건),False,
strawberry,PF_0024688_01,PF_0024688|9042|2025-09-14,70,9,2026-03-26 ~ 2026-05-21,9,"#1, #2, #3, #4, #5, #6, #7, #8, #9",61,9,no_next_observation (9건),False,
strawberry,PF_0024700_01,PF_0024700|7546|2024-09-10,234,26,2024-10-15 ~ 2025-04-08,9,"#1, #2, #3, #4, #5, #6, #7, #8, #9",225,9,no_next_observation (9건),False,
strawberry,PF_0024806_01,PF_0024806|9046|2025-09-08,55,7,2026-04-08 ~ 2026-05-20,8,"#1, #2, #3, #4, #5, #6, #8, #9",47,8,no_next_observation (8건),False,
strawberry,PF_0025103_01,PF_0025103|7521|2024-09-15,279,31,2024-10-15 ~ 2025-06-05,9,"#1, #2, #3, #4, #5, #6, #7, #8, #9",270,9,no_next_observation (9건),False,
strawberry,PF_0025106_01,PF_0025106|7518|2024-09-17,270,30,2024-10-14 ~ 2025-06-05,9,"#1, #2, #3, #4, #5, #6, #7, #8, #9",261,9,no_next_observation (9건),False,
strawberry,PF_0026933_01,PF_0026933|10659|2025-08-28,9,1,2026-06-02,9,"#1, #2, #3, #4, #5, #6, #7, #8, #9",0,9,no_next_observation (9건),True,이 작기는 실제 꽃수/착과수 관측이 2026-06-02 한 시점에만 존재하여 다음 조사값 예측쌍을 생성할 수 없습니다. 원본 관측은 보존되지만 모델 학습·검증·평가에서는 제외됩니다.
