facility_id,crop_sn,sample_num,examin_date,current_max_truss_number,observed_truss_count
PF_0026870_01,209,1,2025-10-23,5,1
PF_0026870_01,209,2,2025-10-23,5,1
PF_0026870_01,209,3,2025-10-23,5,1
PF_0026870_01,209,4,2025-10-23,5,2
PF_0026870_01,209,5,2025-10-23,5,1
PF_0026870_01,209,6,2025-10-23,5,1
PF_0026870_01,209,7,2025-10-23,6,2
PF_0026870_01,209,8,2025-10-23,5,1
PF_0026870_01,209,9,2025-10-23,5,1
PF_0026870_01,209,1,2025-10-30,6,2
PF_0026870_01,209,2,2025-10-30,6,1
PF_0026870_01,209,3,2025-10-30,6,1
PF_0026870_01,209,4,2025-10-30,5,1
PF_0026870_01,209,5,2025-10-30,6,2
PF_0026870_01,209,6,2025-10-30,5,1
PF_0026870_01,209,7,2025-10-30,6,1
PF_0026870_01,209,8,2025-10-30,6,1
PF_0026870_01,209,9,2025-10-30,6,2
PF_0026870_01,209,1,2025-11-06,7,2
PF_0026870_01,209,2,2025-11-06,7,2
PF_0026870_01,209,3,2025-11-06,6,1
PF_0026870_01,209,4,2025-11-06,6,1
PF_0026870_01,209,5,2025-11-06,6,1
PF_0026870_01,209,6,2025-11-06,6,1
PF_0026870_01,209,7,2025-11-06,7,1
PF_0026870_01,209,8,2025-11-06,6,1
PF_0026870_01,209,9,2025-11-06,6,1
PF_0026870_01,209,1,2025-11-13,7,1
PF_0026870_01,209,2,2025-11-13,7,1
PF_0026870_01,209,3,2025-11-13,7,1
PF_0026870_01,209,4,2025-11-13,7,3
PF_0026870_01,209,5,2025-11-13,7,1
PF_0026870_01,209,6,2025-11-13,7,1
PF_0026870_01,209,7,2025-11-13,7,1
PF_0026870_01,209,8,2025-11-13,7,1
PF_0026870_01,209,9,2025-11-13,7,2
PF_0026870_01,209,1,2025-11-21,8,1
PF_0026870_01,209,2,2025-11-21,8,1
PF_0026870_01,209,3,2025-11-21,8,1
PF_0026870_01,209,4,2025-11-21,7,1
PF_0026870_01,209,5,2025-11-21,8,2
PF_0026870_01,209,7,2025-11-21,8,1
PF_0026870_01,209,8,2025-11-21,8,2
PF_0026870_01,209,9,2025-11-21,8,2
PF_0026870_01,209,1,2025-11-27,9,1
PF_0026870_01,209,2,2025-11-27,9,1
PF_0026870_01,209,3,2025-11-27,8,1
PF_0026870_01,209,4,2025-11-27,8,1
PF_0026870_01,209,5,2025-11-27,8,1
PF_0026870_01,209,6,2025-11-27,8,1
PF_0026870_01,209,8,2025-11-27,8,1
PF_0026870_01,209,1,2025-12-04,9,1
PF_0026870_01,209,2,2025-12-04,11,1
PF_0026870_01,209,3,2025-12-04,9,1
PF_0026870_01,209,4,2025-12-04,8,1
PF_0026870_01,209,5,2025-12-04,9,1
PF_0026870_01,209,6,2025-12-04,9,2
PF_0026870_01,209,7,2025-12-04,9,1
PF_0026870_01,209,8,2025-12-04,9,1
PF_0026870_01,209,9,2025-12-04,9,1
PF_0026870_01,209,1,2025-12-11,10,1
PF_0026870_01,209,2,2025-12-11,10,1
PF_0026870_01,209,3,2025-12-11,10,1
PF_0026870_01,209,5,2025-12-11,10,1
PF_0026870_01,209,6,2025-12-11,9,1
PF_0026870_01,209,7,2025-12-11,10,1
PF_0026870_01,209,8,2025-12-11,10,1
PF_0026870_01,209,9,2025-12-11,10,1
PF_0026870_01,209,1,2025-12-18,11,1
PF_0026870_01,209,2,2025-12-18,11,2
PF_0026870_01,209,3,2025-12-18,10,1
PF_0026870_01,209,4,2025-12-18,9,1
PF_0026870_01,209,5,2025-12-18,10,1
PF_0026870_01,209,6,2025-12-18,10,1
PF_0026870_01,209,8,2025-12-18,10,1
PF_0026870_01,209,1,2025-12-26,11,1
PF_0026870_01,209,2,2025-12-26,12,1
PF_0026870_01,209,3,2025-12-26,11,1
PF_0026870_01,209,5,2025-12-26,11,1
PF_0026870_01,209,6,2025-12-26,11,2
PF_0026870_01,209,7,2025-12-26,11,1
PF_0026870_01,209,8,2025-12-26,11,1
PF_0026870_01,209,9,2025-12-26,11,1
PF_0026870_01,209,1,2026-01-02,12,1
PF_0026870_01,209,2,2026-01-02,13,2
PF_0026870_01,209,3,2026-01-02,12,1
PF_0026870_01,209,5,2026-01-02,12,1
PF_0026870_01,209,6,2026-01-02,11,1
PF_0026870_01,209,8,2026-01-02,11,1
PF_0026870_01,209,9,2026-01-02,12,1
PF_0026870_01,209,1,2026-01-08,13,1
PF_0026870_01,209,2,2026-01-08,13,1
PF_0026870_01,209,3,2026-01-08,12,1
PF_0026870_01,209,5,2026-01-08,12,1
PF_0026870_01,209,6,2026-01-08,12,1
PF_0026870_01,209,8,2026-01-08,12,1
PF_0026870_01,209,9,2026-01-08,13,2
PF_0026870_01,209,1,2026-01-15,13,1
PF_0026870_01,209,2,2026-01-15,14,1
PF_0026870_01,209,3,2026-01-15,13,1
PF_0026870_01,209,5,2026-01-15,13,1
PF_0026870_01,209,8,2026-01-15,12,1
PF_0026870_01,209,9,2026-01-15,13,1
PF_0026870_01,209,1,2026-01-22,14,1
PF_0026870_01,209,2,2026-01-22,15,2
PF_0026870_01,209,3,2026-01-22,14,2
PF_0026870_01,209,5,2026-01-22,13,1
PF_0026870_01,209,6,2026-01-22,14,1
PF_0026870_01,209,7,2026-01-22,13,1
PF_0026870_01,209,8,2026-01-22,14,3
PF_0026870_01,209,9,2026-01-22,14,2
PF_0026870_01,209,1,2026-01-29,15,2
PF_0026870_01,209,2,2026-01-29,15,1
PF_0026870_01,209,3,2026-01-29,14,1
PF_0026870_01,209,5,2026-01-29,14,1
PF_0026870_01,209,6,2026-01-29,14,1
PF_0026870_01,209,7,2026-01-29,14,1
PF_0026870_01,209,8,2026-01-29,14,1
PF_0026870_01,209,9,2026-01-29,15,2
PF_0026870_01,209,1,2026-02-05,15,1
PF_0026870_01,209,2,2026-02-05,16,1
PF_0026870_01,209,3,2026-02-05,15,1
PF_0026870_01,209,5,2026-02-05,15,1
PF_0026870_01,209,6,2026-02-05,15,2
PF_0026870_01,209,7,2026-02-05,15,2
PF_0026870_01,209,8,2026-02-05,15,1
PF_0026870_01,209,9,2026-02-05,15,1
PF_0026870_01,209,1,2026-02-12,16,1
PF_0026870_01,209,2,2026-02-12,17,1
PF_0026870_01,209,3,2026-02-12,16,1
PF_0026870_01,209,5,2026-02-12,16,1
PF_0026870_01,209,6,2026-02-12,15,1
PF_0026870_01,209,7,2026-02-12,15,1
PF_0026870_01,209,8,2026-02-12,16,2
PF_0026870_01,209,9,2026-02-12,16,1
PF_0026870_01,209,1,2026-02-19,17,1
PF_0026870_01,209,2,2026-02-19,18,1
PF_0026870_01,209,3,2026-02-19,17,1
PF_0026870_01,209,5,2026-02-19,16,1
PF_0026870_01,209,6,2026-02-19,16,1
PF_0026870_01,209,7,2026-02-19,16,1
PF_0026870_01,209,8,2026-02-19,17,3
PF_0026870_01,209,9,2026-02-19,17,1
PF_0026870_01,209,1,2026-02-26,17,1
PF_0026870_01,209,2,2026-02-26,19,2
PF_0026870_01,209,3,2026-02-26,18,2
PF_0026870_01,209,5,2026-02-26,17,1
PF_0026870_01,209,6,2026-02-26,17,1
PF_0026870_01,209,7,2026-02-26,17,1
PF_0026870_01,209,8,2026-02-26,17,2
PF_0026870_01,209,9,2026-02-26,18,2
PF_0026870_01,209,1,2026-03-05,18,1
PF_0026870_01,209,2,2026-03-05,19,1
PF_0026870_01,209,3,2026-03-05,19,2
PF_0026870_01,209,5,2026-03-05,18,1
PF_0026870_01,209,6,2026-03-05,17,1
PF_0026870_01,209,7,2026-03-05,18,2
PF_0026870_01,209,8,2026-03-05,18,1
PF_0026870_01,209,9,2026-03-05,18,2
PF_0026870_01,209,1,2026-03-12,18,1
PF_0026870_01,209,2,2026-03-12,20,2
PF_0026870_01,209,3,2026-03-12,19,2
PF_0026870_01,209,5,2026-03-12,18,1
PF_0026870_01,209,6,2026-03-12,18,1
PF_0026870_01,209,7,2026-03-12,18,1
PF_0026870_01,209,8,2026-03-12,18,1
PF_0026870_01,209,9,2026-03-12,19,1
PF_0026870_01,209,1,2026-03-19,19,1
PF_0026870_01,209,2,2026-03-19,21,1
PF_0026870_01,209,3,2026-03-19,20,2
PF_0026870_01,209,6,2026-03-19,19,2
PF_0026870_01,209,7,2026-03-19,19,1
PF_0026870_01,209,8,2026-03-19,19,1
PF_0026870_01,209,9,2026-03-19,20,1
PF_0026870_01,209,1,2026-03-26,20,1
PF_0026870_01,209,2,2026-03-26,21,1
PF_0026870_01,209,3,2026-03-26,21,1
PF_0026870_01,209,5,2026-03-26,20,2
PF_0026870_01,209,6,2026-03-26,19,1
PF_0026870_01,209,7,2026-03-26,19,1
PF_0026870_01,209,8,2026-03-26,20,1
PF_0026870_01,209,9,2026-03-26,20,1
PF_0026870_01,209,1,2026-04-02,21,7
PF_0026870_01,209,2,2026-04-02,22,8
PF_0026870_01,209,3,2026-04-02,21,8
PF_0026870_01,209,5,2026-04-02,20,7
PF_0026870_01,209,6,2026-04-02,20,8
PF_0026870_01,209,7,2026-04-02,20,7
PF_0026870_01,209,8,2026-04-02,21,9
PF_0026870_01,209,9,2026-04-02,21,8
PF_0026870_01,209,1,2026-04-09,22,8
PF_0026870_01,209,2,2026-04-09,23,8
PF_0026870_01,209,3,2026-04-09,22,8
PF_0026870_01,209,5,2026-04-09,21,7
PF_0026870_01,209,6,2026-04-09,21,7
PF_0026870_01,209,7,2026-04-09,21,8
PF_0026870_01,209,8,2026-04-09,22,8
PF_0026870_01,209,9,2026-04-09,22,8
PF_0026870_01,209,1,2026-04-16,23,8
PF_0026870_01,209,2,2026-04-16,24,8
PF_0026870_01,209,3,2026-04-16,23,7
PF_0026870_01,209,5,2026-04-16,22,8
PF_0026870_01,209,6,2026-04-16,22,8
PF_0026870_01,209,7,2026-04-16,21,7
PF_0026870_01,209,8,2026-04-16,22,8
PF_0026870_01,209,9,2026-04-16,22,7
PF_0026870_01,209,1,2026-04-23,24,8
PF_0026870_01,209,2,2026-04-23,25,8
PF_0026870_01,209,3,2026-04-23,24,8
PF_0026870_01,209,5,2026-04-23,23,7
PF_0026870_01,209,6,2026-04-23,23,8
PF_0026870_01,209,7,2026-04-23,22,7
PF_0026870_01,209,8,2026-04-23,23,8
PF_0026870_01,209,9,2026-04-23,23,7
PF_0026870_01,209,1,2026-04-30,24,8
PF_0026870_01,209,2,2026-04-30,26,9
PF_0026870_01,209,3,2026-04-30,24,7
PF_0026870_01,209,5,2026-04-30,24,8
PF_0026870_01,209,6,2026-04-30,23,8
PF_0026870_01,209,7,2026-04-30,23,8
PF_0026870_01,209,8,2026-04-30,24,8
PF_0026870_01,209,9,2026-04-30,24,8
PF_0026870_01,209,1,2026-05-06,25,6
PF_0026870_01,209,2,2026-05-06,27,8
PF_0026870_01,209,3,2026-05-06,25,7
PF_0026870_01,209,5,2026-05-06,24,7
PF_0026870_01,209,6,2026-05-06,24,7
PF_0026870_01,209,7,2026-05-06,23,6
PF_0026870_01,209,8,2026-05-06,25,8
PF_0026870_01,209,9,2026-05-06,25,7
PF_0026870_01,209,1,2026-05-14,26,7
PF_0026870_01,209,2,2026-05-14,27,7
PF_0026870_01,209,3,2026-05-14,26,8
PF_0026870_01,209,5,2026-05-14,25,7
PF_0026870_01,209,6,2026-05-14,25,8
PF_0026870_01,209,7,2026-05-14,24,6
PF_0026870_01,209,8,2026-05-14,26,8
PF_0026870_01,209,9,2026-05-14,26,7
PF_0026870_01,209,1,2026-05-21,27,8
PF_0026870_01,209,2,2026-05-21,28,7
PF_0026870_01,209,3,2026-05-21,27,8
PF_0026870_01,209,5,2026-05-21,26,8
PF_0026870_01,209,6,2026-05-21,26,9
PF_0026870_01,209,7,2026-05-21,24,5
PF_0026870_01,209,8,2026-05-21,26,7
PF_0026870_01,209,9,2026-05-21,27,8
PF_0026870_01,209,1,2026-05-28,27,5
PF_0026870_01,209,2,2026-05-28,29,8
PF_0026870_01,209,3,2026-05-28,27,6
PF_0026870_01,209,5,2026-05-28,27,6
PF_0026870_01,209,6,2026-05-28,26,5
PF_0026870_01,209,7,2026-05-28,26,7
PF_0026870_01,209,8,2026-05-28,27,7
PF_0026870_01,209,9,2026-05-28,27,6
PF_0020209_01,81,1,2025-10-20,2,1
PF_0020209_01,81,3,2025-10-20,3,2
PF_0020209_01,81,5,2025-10-20,3,2
PF_0020209_01,81,6,2025-10-20,3,2
PF_0020209_01,81,7,2025-10-20,3,2
PF_0020209_01,81,9,2025-10-20,2,1
PF_0020209_01,81,1,2025-10-27,3,1
PF_0020209_01,81,2,2025-10-27,4,2
PF_0020209_01,81,3,2025-10-27,4,2
PF_0020209_01,81,4,2025-10-27,3,1
PF_0020209_01,81,5,2025-10-27,4,2
PF_0020209_01,81,6,2025-10-27,3,1
PF_0020209_01,81,7,2025-10-27,3,1
PF_0020209_01,81,8,2025-10-27,3,1
PF_0020209_01,81,9,2025-10-27,3,2
PF_0020209_01,81,1,2025-11-03,4,2
PF_0020209_01,81,2,2025-11-03,4,2
PF_0020209_01,81,3,2025-11-03,5,3
PF_0020209_01,81,4,2025-11-03,4,2
PF_0020209_01,81,5,2025-11-03,4,1
PF_0020209_01,81,6,2025-11-03,4,2
PF_0020209_01,81,7,2025-11-03,5,3
PF_0020209_01,81,8,2025-11-03,4,1
PF_0020209_01,81,9,2025-11-03,4,2
PF_0020209_01,81,1,2025-11-10,5,2
PF_0020209_01,81,2,2025-11-10,5,3
PF_0020209_01,81,3,2025-11-10,5,3
PF_0020209_01,81,4,2025-11-10,5,2
PF_0020209_01,81,5,2025-11-10,5,2
PF_0020209_01,81,6,2025-11-10,5,3
PF_0020209_01,81,7,2025-11-10,5,2
PF_0020209_01,81,8,2025-11-10,5,2
PF_0020209_01,81,9,2025-11-10,5,3
PF_0020209_01,81,1,2025-11-17,6,2
PF_0020209_01,81,2,2025-11-17,6,2
PF_0020209_01,81,3,2025-11-17,6,2
PF_0020209_01,81,4,2025-11-17,6,2
PF_0020209_01,81,5,2025-11-17,6,2
PF_0020209_01,81,6,2025-11-17,6,2
PF_0020209_01,81,7,2025-11-17,6,2
PF_0020209_01,81,8,2025-11-17,6,2
PF_0020209_01,81,9,2025-11-17,6,2
PF_0020209_01,81,1,2025-11-24,6,2
PF_0020209_01,81,2,2025-11-24,7,3
PF_0020209_01,81,3,2025-11-24,7,2
PF_0020209_01,81,4,2025-11-24,7,2
PF_0020209_01,81,5,2025-11-24,7,2
PF_0020209_01,81,6,2025-11-24,6,2
PF_0020209_01,81,7,2025-11-24,7,2
PF_0020209_01,81,8,2025-11-24,7,2
PF_0020209_01,81,9,2025-11-24,7,2
PF_0020209_01,81,1,2025-12-01,7,2
PF_0020209_01,81,2,2025-12-01,7,1
PF_0020209_01,81,3,2025-12-01,7,1
PF_0020209_01,81,4,2025-12-01,7,1
PF_0020209_01,81,5,2025-12-01,8,2
PF_0020209_01,81,6,2025-12-01,7,2
PF_0020209_01,81,7,2025-12-01,8,2
PF_0020209_01,81,8,2025-12-01,8,2
PF_0020209_01,81,9,2025-12-01,7,2
PF_0020209_01,81,1,2025-12-08,8,3
PF_0020209_01,81,2,2025-12-08,8,2
PF_0020209_01,81,3,2025-12-08,8,2
PF_0020209_01,81,4,2025-12-08,8,2
PF_0020209_01,81,5,2025-12-08,8,1
PF_0020209_01,81,6,2025-12-08,7,1
PF_0020209_01,81,7,2025-12-08,8,2
PF_0020209_01,81,8,2025-12-08,8,1
PF_0020209_01,81,9,2025-12-08,8,1
PF_0020209_01,81,1,2025-12-15,8,1
PF_0020209_01,81,2,2025-12-15,9,2
PF_0020209_01,81,3,2025-12-15,8,1
PF_0020209_01,81,4,2025-12-15,8,1
PF_0020209_01,81,5,2025-12-15,9,2
PF_0020209_01,81,7,2025-12-15,8,1
PF_0020209_01,81,8,2025-12-15,8,1
PF_0020209_01,81,9,2025-12-15,8,1
PF_0020209_01,81,1,2025-12-22,9,2
PF_0020209_01,81,2,2025-12-22,9,1
PF_0020209_01,81,3,2025-12-22,9,1
PF_0020209_01,81,4,2025-12-22,9,2
PF_0020209_01,81,5,2025-12-22,10,2
PF_0020209_01,81,6,2025-12-22,8,1
PF_0020209_01,81,8,2025-12-22,9,1
PF_0020209_01,81,9,2025-12-22,9,2
PF_0020209_01,81,1,2025-12-29,10,2
PF_0020209_01,81,2,2025-12-29,10,2
PF_0020209_01,81,3,2025-12-29,10,2
PF_0020209_01,81,4,2025-12-29,9,1
PF_0020209_01,81,5,2025-12-29,10,2
PF_0020209_01,81,6,2025-12-29,9,2
PF_0020209_01,81,7,2025-12-29,9,1
PF_0020209_01,81,8,2025-12-29,10,2
PF_0020209_01,81,9,2025-12-29,9,1
PF_0020209_01,81,1,2026-01-05,10,1
PF_0020209_01,81,2,2026-01-05,10,1
PF_0020209_01,81,3,2026-01-05,10,1
PF_0020209_01,81,4,2026-01-05,10,2
PF_0020209_01,81,5,2026-01-05,11,2
PF_0020209_01,81,6,2026-01-05,9,1
PF_0020209_01,81,7,2026-01-05,10,2
PF_0020209_01,81,8,2026-01-05,10,1
PF_0020209_01,81,9,2026-01-05,10,1
PF_0020209_01,81,1,2026-01-12,11,2
PF_0020209_01,81,2,2026-01-12,11,1
PF_0020209_01,81,3,2026-01-12,11,1
PF_0020209_01,81,4,2026-01-12,11,1
PF_0020209_01,81,5,2026-01-12,11,1
PF_0020209_01,81,6,2026-01-12,10,1
PF_0020209_01,81,7,2026-01-12,10,1
PF_0020209_01,81,8,2026-01-12,10,1
PF_0020209_01,81,9,2026-01-12,11,2
PF_0020209_01,81,1,2026-01-19,11,1
PF_0020209_01,81,2,2026-01-19,12,2
PF_0020209_01,81,3,2026-01-19,12,2
PF_0020209_01,81,4,2026-01-19,11,1
PF_0020209_01,81,5,2026-01-19,12,1
PF_0020209_01,81,6,2026-01-19,11,2
PF_0020209_01,81,7,2026-01-19,11,1
PF_0020209_01,81,8,2026-01-19,11,1
PF_0020209_01,81,9,2026-01-19,11,1
PF_0020209_01,81,1,2026-01-26,12,2
PF_0020209_01,81,2,2026-01-26,12,1
PF_0020209_01,81,3,2026-01-26,12,1
PF_0020209_01,81,4,2026-01-26,12,2
PF_0020209_01,81,5,2026-01-26,12,1
PF_0020209_01,81,6,2026-01-26,11,1
PF_0020209_01,81,7,2026-01-26,11,1
PF_0020209_01,81,8,2026-01-26,11,1
PF_0020209_01,81,1,2026-02-02,13,3
PF_0020209_01,81,2,2026-02-02,13,2
PF_0020209_01,81,3,2026-02-02,13,1
PF_0020209_01,81,4,2026-02-02,12,1
PF_0020209_01,81,5,2026-02-02,13,1
PF_0020209_01,81,6,2026-02-02,12,2
PF_0020209_01,81,7,2026-02-02,11,1
PF_0020209_01,81,8,2026-02-02,12,1
PF_0020209_01,81,9,2026-02-02,12,1
PF_0020209_01,81,1,2026-02-10,13,1
PF_0020209_01,81,2,2026-02-10,13,1
PF_0020209_01,81,3,2026-02-10,14,2
PF_0020209_01,81,4,2026-02-10,13,1
PF_0020209_01,81,5,2026-02-10,14,2
PF_0020209_01,81,6,2026-02-10,12,1
PF_0020209_01,81,7,2026-02-10,12,1
PF_0020209_01,81,8,2026-02-10,12,1
PF_0020209_01,81,9,2026-02-10,13,2
PF_0020209_01,81,1,2026-02-16,14,2
PF_0020209_01,81,2,2026-02-16,14,2
PF_0020209_01,81,3,2026-02-16,14,2
PF_0020209_01,81,4,2026-02-16,14,2
PF_0020209_01,81,5,2026-02-16,14,1
PF_0020209_01,81,6,2026-02-16,13,1
PF_0020209_01,81,7,2026-02-16,13,1
PF_0020209_01,81,8,2026-02-16,13,1
PF_0020209_01,81,9,2026-02-16,13,1
PF_0020209_01,81,1,2026-02-24,15,2
PF_0020209_01,81,2,2026-02-24,14,1
PF_0020209_01,81,3,2026-02-24,15,2
PF_0020209_01,81,4,2026-02-24,14,1
PF_0020209_01,81,5,2026-02-24,15,2
PF_0020209_01,81,6,2026-02-24,14,2
PF_0020209_01,81,7,2026-02-24,14,2
PF_0020209_01,81,8,2026-02-24,14,2
PF_0020209_01,81,9,2026-02-24,14,1
PF_0020209_01,81,1,2026-03-03,15,1
PF_0020209_01,81,2,2026-03-03,15,2
PF_0020209_01,81,3,2026-03-03,16,2
PF_0020209_01,81,4,2026-03-03,15,2
PF_0020209_01,81,5,2026-03-03,15,1
PF_0020209_01,81,6,2026-03-03,13,1
PF_0020209_01,81,7,2026-03-03,14,1
PF_0020209_01,81,8,2026-03-03,14,1
PF_0020209_01,81,9,2026-03-03,15,1
PF_0020209_01,81,1,2026-03-09,16,1
PF_0020209_01,81,2,2026-03-09,15,1
PF_0020209_01,81,3,2026-03-09,17,2
PF_0020209_01,81,4,2026-03-09,15,1
PF_0020209_01,81,5,2026-03-09,16,2
PF_0020209_01,81,6,2026-03-09,15,2
PF_0020209_01,81,8,2026-03-09,15,2
PF_0020209_01,81,9,2026-03-09,15,1
PF_0020209_01,81,1,2026-03-16,17,2
PF_0020209_01,81,2,2026-03-16,16,2
PF_0020209_01,81,3,2026-03-16,17,1
PF_0020209_01,81,4,2026-03-16,16,1
PF_0020209_01,81,5,2026-03-16,17,2
PF_0020209_01,81,6,2026-03-16,16,2
PF_0020209_01,81,7,2026-03-16,15,1
PF_0020209_01,81,8,2026-03-16,15,1
PF_0020209_01,81,9,2026-03-16,16,2
PF_0020209_01,81,1,2026-03-23,17,1
PF_0020209_01,81,2,2026-03-23,16,1
PF_0020209_01,81,3,2026-03-23,18,2
PF_0020209_01,81,4,2026-03-23,16,1
PF_0020209_01,81,5,2026-03-23,17,2
PF_0020209_01,81,6,2026-03-23,16,2
PF_0020209_01,81,7,2026-03-23,16,1
PF_0020209_01,81,8,2026-03-23,16,2
PF_0020209_01,81,9,2026-03-23,17,2
PF_0020209_01,81,1,2026-03-30,18,7
PF_0020209_01,81,2,2026-03-30,17,7
PF_0020209_01,81,3,2026-03-30,19,9
PF_0020209_01,81,4,2026-03-30,17,7
PF_0020209_01,81,5,2026-03-30,17,6
PF_0020209_01,81,6,2026-03-30,17,7
PF_0020209_01,81,7,2026-03-30,17,7
PF_0020209_01,81,9,2026-03-30,17,5
PF_0020209_01,81,1,2026-04-06,19,8
PF_0020209_01,81,2,2026-04-06,18,8
PF_0020209_01,81,3,2026-04-06,19,8
PF_0020209_01,81,4,2026-04-06,17,6
PF_0020209_01,81,5,2026-04-06,18,7
PF_0020209_01,81,6,2026-04-06,17,6
PF_0020209_01,81,7,2026-04-06,17,7
PF_0020209_01,81,8,2026-04-06,16,6
PF_0020209_01,81,9,2026-04-06,18,6
PF_0020209_01,81,1,2026-04-13,20,7
PF_0020209_01,81,2,2026-04-13,18,7
PF_0020209_01,81,3,2026-04-13,20,8
PF_0020209_01,81,4,2026-04-13,18,6
PF_0020209_01,81,5,2026-04-13,19,7
PF_0020209_01,81,6,2026-04-13,18,7
PF_0020209_01,81,7,2026-04-13,18,7
PF_0020209_01,81,8,2026-04-13,18,7
PF_0020209_01,81,9,2026-04-13,19,7
PF_0020209_01,81,1,2026-04-20,20,7
PF_0020209_01,81,2,2026-04-20,19,7
PF_0020209_01,81,3,2026-04-20,20,7
PF_0020209_01,81,4,2026-04-20,19,7
PF_0020209_01,81,5,2026-04-20,19,7
PF_0020209_01,81,6,2026-04-20,18,6
PF_0020209_01,81,7,2026-04-20,19,8
PF_0020209_01,81,8,2026-04-20,18,7
PF_0020209_01,81,9,2026-04-20,19,7
PF_0020209_01,81,2,2026-04-27,19,6
PF_0020209_01,81,3,2026-04-27,20,7
PF_0020209_01,81,4,2026-04-27,19,6
PF_0020209_01,81,5,2026-04-27,20,8
PF_0020209_01,81,6,2026-04-27,19,7
PF_0020209_01,81,1,2026-05-04,22,7
PF_0020209_01,81,2,2026-05-04,20,7
PF_0020209_01,81,3,2026-05-04,21,6
PF_0020209_01,81,4,2026-05-04,20,7
PF_0020209_01,81,5,2026-05-04,21,7
PF_0020209_01,81,6,2026-05-04,20,7
PF_0020209_01,81,1,2026-05-11,22,7
PF_0020209_01,81,2,2026-05-11,21,7
PF_0020209_01,81,3,2026-05-11,22,6
PF_0020209_01,81,4,2026-05-11,21,8
PF_0020209_01,81,5,2026-05-11,21,6
PF_0020209_01,81,6,2026-05-11,21,7
PF_0024698_01,180,8,2025-10-21,2,1
PF_0024698_01,180,5,2025-10-28,2,1
PF_0024698_01,180,8,2025-10-28,3,2
PF_0024698_01,180,1,2025-11-04,3,2
PF_0024698_01,180,2,2025-11-04,3,2
PF_0024698_01,180,3,2025-11-04,3,2
PF_0024698_01,180,5,2025-11-04,3,2
PF_0024698_01,180,7,2025-11-04,3,1
PF_0024698_01,180,8,2025-11-04,3,1
PF_0024698_01,180,9,2025-11-04,3,2
PF_0024698_01,180,1,2025-11-11,4,2
PF_0024698_01,180,2,2025-11-11,4,2
PF_0024698_01,180,3,2025-11-11,4,2
PF_0024698_01,180,4,2025-11-11,4,3
PF_0024698_01,180,5,2025-11-11,4,2
PF_0024698_01,180,6,2025-11-11,4,3
PF_0024698_01,180,7,2025-11-11,4,2
PF_0024698_01,180,8,2025-11-11,4,1
PF_0024698_01,180,9,2025-11-11,4,2
PF_0024698_01,180,1,2025-11-18,5,2
PF_0024698_01,180,2,2025-11-18,4,1
PF_0024698_01,180,3,2025-11-18,5,2
PF_0024698_01,180,4,2025-11-18,5,3
PF_0024698_01,180,5,2025-11-18,5,3
PF_0024698_01,180,6,2025-11-18,5,2
PF_0024698_01,180,7,2025-11-18,5,2
PF_0024698_01,180,8,2025-11-18,5,2
PF_0024698_01,180,9,2025-11-18,5,2
PF_0024698_01,180,1,2025-11-25,5,2
PF_0024698_01,180,2,2025-11-25,5,2
PF_0024698_01,180,3,2025-11-25,5,1
PF_0024698_01,180,4,2025-11-25,5,3
PF_0024698_01,180,5,2025-11-25,6,3
PF_0024698_01,180,6,2025-11-25,5,2
PF_0024698_01,180,7,2025-11-25,5,2
PF_0024698_01,180,8,2025-11-25,5,1
PF_0024698_01,180,9,2025-11-25,5,2
PF_0024698_01,180,1,2025-12-02,6,2
PF_0024698_01,180,2,2025-12-02,5,1
PF_0024698_01,180,3,2025-12-02,6,1
PF_0024698_01,180,4,2025-12-02,6,2
PF_0024698_01,180,5,2025-12-02,6,2
PF_0024698_01,180,6,2025-12-02,6,2
PF_0024698_01,180,7,2025-12-02,6,2
PF_0024698_01,180,8,2025-12-02,6,2
PF_0024698_01,180,9,2025-12-02,6,2
PF_0024698_01,180,1,2025-12-09,6,2
PF_0024698_01,180,2,2025-12-09,5,1
PF_0024698_01,180,3,2025-12-09,7,2
PF_0024698_01,180,4,2025-12-09,6,1
PF_0024698_01,180,5,2025-12-09,7,2
PF_0024698_01,180,6,2025-12-09,6,1
PF_0024698_01,180,7,2025-12-09,7,2
PF_0024698_01,180,8,2025-12-09,6,1
PF_0024698_01,180,9,2025-12-09,6,2
PF_0024698_01,180,1,2025-12-16,7,2
PF_0024698_01,180,2,2025-12-16,6,2
PF_0024698_01,180,3,2025-12-16,7,2
PF_0024698_01,180,4,2025-12-16,7,2
PF_0024698_01,180,5,2025-12-16,7,2
PF_0024698_01,180,6,2025-12-16,7,2
PF_0024698_01,180,7,2025-12-16,7,1
PF_0024698_01,180,8,2025-12-16,7,2
PF_0024698_01,180,9,2025-12-16,7,2
PF_0024698_01,180,1,2025-12-23,7,1
PF_0024698_01,180,3,2025-12-23,8,2
PF_0024698_01,180,4,2025-12-23,8,2
PF_0024698_01,180,5,2025-12-23,8,2
PF_0024698_01,180,6,2025-12-23,7,1
PF_0024698_01,180,7,2025-12-23,8,2
PF_0024698_01,180,8,2025-12-23,8,2
PF_0024698_01,180,9,2025-12-23,7,1
PF_0024698_01,180,2,2025-12-30,7,1
PF_0024698_01,180,3,2025-12-30,8,1
PF_0024698_01,180,4,2025-12-30,8,1
PF_0024698_01,180,5,2025-12-30,9,2
PF_0024698_01,180,6,2025-12-30,8,1
PF_0024698_01,180,7,2025-12-30,8,1
PF_0024698_01,180,8,2025-12-30,9,2
PF_0024698_01,180,9,2025-12-30,8,2
PF_0024698_01,180,4,2026-01-06,9,2
PF_0024698_01,180,5,2026-01-06,9,1
PF_0024698_01,180,6,2026-01-06,8,1
PF_0024698_01,180,7,2026-01-06,9,2
PF_0024698_01,180,8,2026-01-06,9,1
PF_0024698_01,180,9,2026-01-06,8,1
PF_0024698_01,180,1,2026-01-13,9,1
PF_0024698_01,180,2,2026-01-13,9,2
PF_0024698_01,180,3,2026-01-13,10,1
PF_0024698_01,180,4,2026-01-13,9,1
PF_0024698_01,180,7,2026-01-13,9,1
PF_0024698_01,180,8,2026-01-13,10,1
PF_0024698_01,180,9,2026-01-13,10,1
PF_0024698_01,180,1,2026-01-20,9,1
PF_0024698_01,180,2,2026-01-20,9,2
PF_0024698_01,180,3,2026-01-20,11,2
PF_0024698_01,180,4,2026-01-20,10,2
PF_0024698_01,180,7,2026-01-20,10,2
PF_0024698_01,180,8,2026-01-20,11,2
PF_0024698_01,180,9,2026-01-20,10,1
PF_0024698_01,180,1,2026-01-27,10,1
PF_0024698_01,180,2,2026-01-27,10,3
PF_0024698_01,180,3,2026-01-27,12,2
PF_0024698_01,180,4,2026-01-27,11,2
PF_0024698_01,180,5,2026-01-27,11,1
PF_0024698_01,180,6,2026-01-27,11,1
PF_0024698_01,180,7,2026-01-27,11,2
PF_0024698_01,180,8,2026-01-27,11,1
PF_0024698_01,180,9,2026-01-27,11,1
PF_0024698_01,180,1,2026-02-03,10,1
PF_0024698_01,180,2,2026-02-03,10,1
PF_0024698_01,180,3,2026-02-03,12,1
PF_0024698_01,180,4,2026-02-03,11,1
PF_0024698_01,180,5,2026-02-03,12,2
PF_0024698_01,180,6,2026-02-03,12,2
PF_0024698_01,180,7,2026-02-03,12,2
PF_0024698_01,180,8,2026-02-03,12,1
PF_0024698_01,180,9,2026-02-03,12,2
PF_0024698_01,180,1,2026-02-09,11,1
PF_0024698_01,180,2,2026-02-09,11,1
PF_0024698_01,180,3,2026-02-09,13,2
PF_0024698_01,180,4,2026-02-09,12,2
PF_0024698_01,180,5,2026-02-09,12,1
PF_0024698_01,180,6,2026-02-09,12,1
PF_0024698_01,180,7,2026-02-09,12,2
PF_0024698_01,180,8,2026-02-09,13,2
PF_0024698_01,180,9,2026-02-09,12,2
PF_0024698_01,180,1,2026-02-15,12,2
PF_0024698_01,180,2,2026-02-15,12,2
PF_0024698_01,180,3,2026-02-15,13,1
PF_0024698_01,180,4,2026-02-15,12,1
PF_0024698_01,180,5,2026-02-15,13,1
PF_0024698_01,180,6,2026-02-15,13,1
PF_0024698_01,180,7,2026-02-15,13,2
PF_0024698_01,180,8,2026-02-15,13,1
PF_0024698_01,180,9,2026-02-15,13,2
PF_0024698_01,180,1,2026-02-23,13,2
PF_0024698_01,180,2,2026-02-23,12,1
PF_0024698_01,180,3,2026-02-23,14,1
PF_0024698_01,180,4,2026-02-23,13,1
PF_0024698_01,180,5,2026-02-23,14,2
PF_0024698_01,180,6,2026-02-23,14,2
PF_0024698_01,180,7,2026-02-23,13,1
PF_0024698_01,180,8,2026-02-23,14,2
PF_0024698_01,180,9,2026-02-23,14,2
PF_0024698_01,180,1,2026-03-04,13,1
PF_0024698_01,180,2,2026-03-04,13,1
PF_0024698_01,180,3,2026-03-04,15,1
PF_0024698_01,180,4,2026-03-04,14,2
PF_0024698_01,180,5,2026-03-04,15,2
PF_0024698_01,180,6,2026-03-04,15,2
PF_0024698_01,180,7,2026-03-04,14,1
PF_0024698_01,180,8,2026-03-04,15,2
PF_0024698_01,180,9,2026-03-04,15,2
PF_0024698_01,180,1,2026-03-10,14,1
PF_0024698_01,180,2,2026-03-10,14,2
PF_0024698_01,180,3,2026-03-10,16,2
PF_0024698_01,180,4,2026-03-10,15,2
PF_0024698_01,180,5,2026-03-10,15,1
PF_0024698_01,180,6,2026-03-10,15,1
PF_0024698_01,180,7,2026-03-10,15,2
PF_0024698_01,180,8,2026-03-10,15,1
PF_0024698_01,180,9,2026-03-10,15,1
PF_0024698_01,180,1,2026-03-17,15,2
PF_0024698_01,180,2,2026-03-17,14,1
PF_0024698_01,180,3,2026-03-17,16,1
PF_0024698_01,180,4,2026-03-17,15,2
PF_0024698_01,180,5,2026-03-17,16,2
PF_0024698_01,180,6,2026-03-17,16,2
PF_0024698_01,180,7,2026-03-17,15,1
PF_0024698_01,180,8,2026-03-17,16,1
PF_0024698_01,180,9,2026-03-17,16,2
PF_0024698_01,180,1,2026-03-24,15,1
PF_0024698_01,180,3,2026-03-24,17,2
PF_0024698_01,180,4,2026-03-24,16,2
PF_0024698_01,180,5,2026-03-24,16,1
PF_0024698_01,180,6,2026-03-24,16,1
PF_0024698_01,180,7,2026-03-24,16,2
PF_0024698_01,180,8,2026-03-24,17,2
PF_0024698_01,180,9,2026-03-24,16,1
PF_0024698_01,180,1,2026-03-31,16,8
PF_0024698_01,180,2,2026-03-31,15,6
PF_0024698_01,180,3,2026-03-31,17,6
PF_0024698_01,180,4,2026-03-31,17,8
PF_0024698_01,180,5,2026-03-31,17,7
PF_0024698_01,180,6,2026-03-31,17,7
PF_0024698_01,180,7,2026-03-31,17,7
PF_0024698_01,180,8,2026-03-31,18,7
PF_0024698_01,180,9,2026-03-31,17,7
PF_0024698_01,180,1,2026-04-07,17,8
PF_0024698_01,180,2,2026-04-07,16,7
PF_0024698_01,180,3,2026-04-07,18,7
PF_0024698_01,180,4,2026-04-07,17,7
PF_0024698_01,180,5,2026-04-07,18,8
PF_0024698_01,180,6,2026-04-07,18,7
PF_0024698_01,180,7,2026-04-07,17,7
PF_0024698_01,180,8,2026-04-07,18,7
PF_0024698_01,180,9,2026-04-07,18,8
PF_0024698_01,180,1,2026-04-14,17,8
PF_0024698_01,180,2,2026-04-14,17,7
PF_0024698_01,180,3,2026-04-14,19,7
PF_0024698_01,180,4,2026-04-14,18,7
PF_0024698_01,180,5,2026-04-14,18,7
PF_0024698_01,180,6,2026-04-14,18,6
PF_0024698_01,180,7,2026-04-14,18,7
PF_0024698_01,180,8,2026-04-14,19,7
PF_0024698_01,180,9,2026-04-14,18,6
PF_0024698_01,180,1,2026-04-21,17,6
PF_0024698_01,180,2,2026-04-21,17,6
PF_0024698_01,180,3,2026-04-21,19,6
PF_0024698_01,180,4,2026-04-21,18,6
PF_0024698_01,180,5,2026-04-21,19,7
PF_0024698_01,180,6,2026-04-21,19,7
PF_0024698_01,180,7,2026-04-21,18,7
PF_0024698_01,180,8,2026-04-21,19,7
PF_0024698_01,180,9,2026-04-21,19,6
PF_0024698_01,180,1,2026-04-28,18,6
PF_0024698_01,180,2,2026-04-28,18,6
PF_0024698_01,180,3,2026-04-28,20,7
PF_0024698_01,180,4,2026-04-28,18,5
PF_0024698_01,180,5,2026-04-28,19,6
PF_0024698_01,180,6,2026-04-28,20,7
PF_0024698_01,180,7,2026-04-28,19,7
PF_0024698_01,180,8,2026-04-28,20,7
PF_0024698_01,180,9,2026-04-28,20,6
PF_0024698_01,180,1,2026-05-07,19,6
PF_0024698_01,180,2,2026-05-07,19,7
PF_0024698_01,180,3,2026-05-07,21,8
PF_0024698_01,180,4,2026-05-07,19,5
PF_0024698_01,180,5,2026-05-07,20,6
PF_0024698_01,180,6,2026-05-07,21,7
PF_0024698_01,180,7,2026-05-07,20,7
PF_0024698_01,180,8,2026-05-07,21,7
PF_0024698_01,180,9,2026-05-07,20,6
PF_0024698_01,180,1,2026-05-12,19,6
PF_0024698_01,180,2,2026-05-12,19,6
PF_0024698_01,180,3,2026-05-12,21,7
PF_0024698_01,180,4,2026-05-12,20,6
PF_0024698_01,180,5,2026-05-12,20,5
PF_0024698_01,180,6,2026-05-12,21,7
PF_0024698_01,180,7,2026-05-12,20,6
PF_0024698_01,180,8,2026-05-12,21,6
PF_0024698_01,180,9,2026-05-12,21,7
PF_0024698_01,180,1,2026-05-19,20,6
PF_0024698_01,180,2,2026-05-19,20,7
PF_0024698_01,180,3,2026-05-19,22,8
PF_0024698_01,180,4,2026-05-19,20,6
PF_0024698_01,180,5,2026-05-19,21,6
PF_0024698_01,180,6,2026-05-19,22,7
PF_0024698_01,180,7,2026-05-19,21,7
PF_0024698_01,180,8,2026-05-19,22,7
PF_0024698_01,180,9,2026-05-19,22,7
PF_0024698_01,180,1,2026-05-26,20,5
PF_0024698_01,180,2,2026-05-26,20,6
PF_0024698_01,180,3,2026-05-26,22,6
PF_0024698_01,180,4,2026-05-26,21,5
PF_0024698_01,180,5,2026-05-26,22,6
PF_0024698_01,180,6,2026-05-26,22,6
PF_0024698_01,180,7,2026-05-26,22,7
PF_0024698_01,180,8,2026-05-26,22,6
PF_0024698_01,180,9,2026-05-26,22,6
PF_0024697_01,178,1,2025-10-01,5,2
PF_0024697_01,178,5,2025-10-01,5,2
PF_0024697_01,178,1,2025-10-22,7,2
PF_0024697_01,178,3,2025-10-22,7,3
PF_0024697_01,178,4,2025-10-22,6,2
PF_0024697_01,178,5,2025-10-22,6,1
PF_0024697_01,178,6,2025-10-22,6,1
PF_0024697_01,178,7,2025-10-22,7,2
PF_0024697_01,178,8,2025-10-22,7,1
PF_0024697_01,178,9,2025-10-22,7,2
PF_0024697_01,178,1,2025-10-29,7,1
PF_0024697_01,178,2,2025-10-29,7,1
PF_0024697_01,178,3,2025-10-29,7,1
PF_0024697_01,178,4,2025-10-29,7,1
PF_0024697_01,178,5,2025-10-29,7,1
PF_0024697_01,178,6,2025-10-29,7,1
PF_0024697_01,178,7,2025-10-29,8,2
PF_0024697_01,178,8,2025-10-29,8,2
PF_0024697_01,178,9,2025-10-29,7,1
PF_0024697_01,178,1,2025-11-05,8,1
PF_0024697_01,178,2,2025-11-05,8,2
PF_0024697_01,178,3,2025-11-05,8,2
PF_0024697_01,178,4,2025-11-05,8,1
PF_0024697_01,178,5,2025-11-05,8,2
PF_0024697_01,178,6,2025-11-05,7,1
PF_0024697_01,178,7,2025-11-05,8,1
PF_0024697_01,178,8,2025-11-05,8,1
PF_0024697_01,178,9,2025-11-05,8,1
PF_0024697_01,178,1,2025-11-12,8,1
PF_0024697_01,178,2,2025-11-12,9,2
PF_0024697_01,178,3,2025-11-12,9,2
PF_0024697_01,178,4,2025-11-12,9,2
PF_0024697_01,178,5,2025-11-12,9,2
PF_0024697_01,178,6,2025-11-12,8,1
PF_0024697_01,178,7,2025-11-12,9,2
PF_0024697_01,178,8,2025-11-12,9,2
PF_0024697_01,178,9,2025-11-12,9,1
PF_0024697_01,178,1,2025-11-20,9,2
PF_0024697_01,178,2,2025-11-20,9,2
PF_0024697_01,178,3,2025-11-20,9,1
PF_0024697_01,178,4,2025-11-20,9,1
PF_0024697_01,178,5,2025-11-20,9,2
PF_0024697_01,178,7,2025-11-20,9,1
PF_0024697_01,178,8,2025-11-20,9,1
PF_0024697_01,178,9,2025-11-20,9,1
PF_0024697_01,178,1,2025-11-26,9,1
PF_0024697_01,178,2,2025-11-26,10,1
PF_0024697_01,178,3,2025-11-26,10,1
PF_0024697_01,178,4,2025-11-26,10,2
PF_0024697_01,178,5,2025-11-26,10,3
PF_0024697_01,178,6,2025-11-26,9,1
PF_0024697_01,178,7,2025-11-26,10,2
PF_0024697_01,178,9,2025-11-26,10,1
PF_0024697_01,178,1,2025-12-03,10,1
PF_0024697_01,178,2,2025-12-03,10,1
PF_0024697_01,178,3,2025-12-03,10,1
PF_0024697_01,178,4,2025-12-03,10,1
PF_0024697_01,178,5,2025-12-03,10,1
PF_0024697_01,178,7,2025-12-03,10,1
PF_0024697_01,178,8,2025-12-03,11,2
PF_0024697_01,178,2,2025-12-10,11,1
PF_0024697_01,178,3,2025-12-10,11,2
PF_0024697_01,178,4,2025-12-10,11,1
PF_0024697_01,178,5,2025-12-10,11,1
PF_0024697_01,178,6,2025-12-10,10,1
PF_0024697_01,178,7,2025-12-10,11,2
PF_0024697_01,178,8,2025-12-10,11,1
PF_0024697_01,178,1,2025-12-17,11,1
PF_0024697_01,178,2,2025-12-17,12,1
PF_0024697_01,178,3,2025-12-17,12,2
PF_0024697_01,178,4,2025-12-17,12,1
PF_0024697_01,178,6,2025-12-17,11,1
PF_0024697_01,178,7,2025-12-17,12,2
PF_0024697_01,178,1,2025-12-24,12,2
PF_0024697_01,178,2,2025-12-24,12,1
PF_0024697_01,178,3,2025-12-24,12,1
PF_0024697_01,178,4,2025-12-24,13,2
PF_0024697_01,178,5,2025-12-24,12,1
PF_0024697_01,178,6,2025-12-24,12,2
PF_0024697_01,178,7,2025-12-24,13,2
PF_0024697_01,178,8,2025-12-24,13,1
PF_0024697_01,178,9,2025-12-24,12,1
PF_0024697_01,178,1,2025-12-31,13,2
PF_0024697_01,178,2,2025-12-31,13,2
PF_0024697_01,178,3,2025-12-31,13,2
PF_0024697_01,178,4,2025-12-31,13,2
PF_0024697_01,178,6,2025-12-31,12,1
PF_0024697_01,178,7,2025-12-31,13,1
PF_0024697_01,178,8,2025-12-31,14,2
PF_0024697_01,178,9,2025-12-31,13,2
PF_0024697_01,178,1,2026-01-07,13,1
PF_0024697_01,178,2,2026-01-07,13,1
PF_0024697_01,178,3,2026-01-07,13,1
PF_0024697_01,178,4,2026-01-07,14,1
PF_0024697_01,178,6,2026-01-07,13,1
PF_0024697_01,178,7,2026-01-07,14,1
PF_0024697_01,178,8,2026-01-07,14,1
PF_0024697_01,178,9,2026-01-07,14,2
PF_0024697_01,178,1,2026-01-14,14,2
PF_0024697_01,178,2,2026-01-14,14,1
PF_0024697_01,178,3,2026-01-14,14,1
PF_0024697_01,178,4,2026-01-14,15,2
PF_0024697_01,178,5,2026-01-14,14,1
PF_0024697_01,178,6,2026-01-14,14,2
PF_0024697_01,178,7,2026-01-14,15,1
PF_0024697_01,178,8,2026-01-14,15,1
PF_0024697_01,178,9,2026-01-14,15,2
PF_0024697_01,178,1,2026-01-21,15,1
PF_0024697_01,178,2,2026-01-21,15,2
PF_0024697_01,178,3,2026-01-21,15,1
PF_0024697_01,178,4,2026-01-21,15,1
PF_0024697_01,178,5,2026-01-21,15,2
PF_0024697_01,178,6,2026-01-21,15,2
PF_0024697_01,178,7,2026-01-21,15,1
PF_0024697_01,178,8,2026-01-21,16,2
PF_0024697_01,178,9,2026-01-21,15,1
PF_0024697_01,178,1,2026-01-28,15,1
PF_0024697_01,178,2,2026-01-28,16,2
PF_0024697_01,178,3,2026-01-28,15,1
PF_0024697_01,178,4,2026-01-28,16,1
PF_0024697_01,178,5,2026-01-28,16,2
PF_0024697_01,178,6,2026-01-28,15,1
PF_0024697_01,178,7,2026-01-28,16,1
PF_0024697_01,178,8,2026-01-28,16,1
PF_0024697_01,178,2,2026-02-04,16,1
PF_0024697_01,178,3,2026-02-04,16,1
PF_0024697_01,178,4,2026-02-04,17,2
PF_0024697_01,178,5,2026-02-04,17,3
PF_0024697_01,178,6,2026-02-04,16,1
PF_0024697_01,178,7,2026-02-04,17,2
PF_0024697_01,178,8,2026-02-04,17,1
PF_0024697_01,178,9,2026-02-04,17,1
PF_0024697_01,178,2,2026-02-11,17,2
PF_0024697_01,178,4,2026-02-11,17,1
PF_0024697_01,178,5,2026-02-11,17,2
PF_0024697_01,178,6,2026-02-11,17,2
PF_0024697_01,178,7,2026-02-11,18,2
PF_0024697_01,178,8,2026-02-11,18,2
PF_0024697_01,178,9,2026-02-11,18,2
PF_0024697_01,178,1,2026-02-18,17,1
PF_0024697_01,178,2,2026-02-18,18,2
PF_0024697_01,178,3,2026-02-18,17,1
PF_0024697_01,178,4,2026-02-18,18,2
PF_0024697_01,178,5,2026-02-18,17,2
PF_0024697_01,178,6,2026-02-18,17,1
PF_0024697_01,178,7,2026-02-18,19,2
PF_0024697_01,178,8,2026-02-18,18,1
PF_0024697_01,178,9,2026-02-18,18,1
PF_0024697_01,178,1,2026-02-25,18,1
PF_0024697_01,178,2,2026-02-25,18,1
PF_0024697_01,178,3,2026-02-25,18,1
PF_0024697_01,178,4,2026-02-25,19,2
PF_0024697_01,178,5,2026-02-25,19,3
PF_0024697_01,178,6,2026-02-25,18,1
PF_0024697_01,178,7,2026-02-25,19,1
PF_0024697_01,178,8,2026-02-25,19,2
PF_0024697_01,178,9,2026-02-25,19,1
PF_0024697_01,178,1,2026-03-06,19,2
PF_0024697_01,178,2,2026-03-06,19,1
PF_0024697_01,178,3,2026-03-06,18,1
PF_0024697_01,178,4,2026-03-06,19,1
PF_0024697_01,178,5,2026-03-06,20,2
PF_0024697_01,178,6,2026-03-06,19,2
PF_0024697_01,178,7,2026-03-06,20,1
PF_0024697_01,178,8,2026-03-06,20,1
PF_0024697_01,178,9,2026-03-06,19,1
PF_0024697_01,178,1,2026-03-11,20,2
PF_0024697_01,178,2,2026-03-11,20,1
PF_0024697_01,178,3,2026-03-11,19,1
PF_0024697_01,178,4,2026-03-11,20,1
PF_0024697_01,178,5,2026-03-11,20,1
PF_0024697_01,178,6,2026-03-11,20,2
PF_0024697_01,178,8,2026-03-11,21,2
PF_0024697_01,178,9,2026-03-11,20,1
PF_0024697_01,178,1,2026-03-18,20,2
PF_0024697_01,178,2,2026-03-18,20,1
PF_0024697_01,178,3,2026-03-18,19,1
PF_0024697_01,178,4,2026-03-18,21,2
PF_0024697_01,178,5,2026-03-18,21,2
PF_0024697_01,178,6,2026-03-18,20,2
PF_0024697_01,178,7,2026-03-18,21,1
PF_0024697_01,178,8,2026-03-18,22,2
PF_0024697_01,178,9,2026-03-18,20,1
PF_0024697_01,178,1,2026-03-25,21,2
PF_0024697_01,178,2,2026-03-25,21,1
PF_0024697_01,178,3,2026-03-25,20,1
PF_0024697_01,178,4,2026-03-25,21,1
PF_0024697_01,178,5,2026-03-25,22,2
PF_0024697_01,178,6,2026-03-25,21,1
PF_0024697_01,178,7,2026-03-25,22,2
PF_0024697_01,178,8,2026-03-25,22,1
PF_0024697_01,178,9,2026-03-25,21,1
PF_0024697_01,178,1,2026-04-01,22,7
PF_0024697_01,178,2,2026-04-01,22,7
PF_0024697_01,178,3,2026-04-01,21,8
PF_0024697_01,178,4,2026-04-01,22,7
PF_0024697_01,178,5,2026-04-01,22,7
PF_0024697_01,178,6,2026-04-01,22,8
PF_0024697_01,178,7,2026-04-01,22,7
PF_0024697_01,178,8,2026-04-01,23,9
PF_0024697_01,178,9,2026-04-01,22,7
PF_0024697_01,178,1,2026-04-08,22,7
PF_0024697_01,178,2,2026-04-08,22,6
PF_0024697_01,178,3,2026-04-08,22,7
PF_0024697_01,178,4,2026-04-08,23,7
PF_0024697_01,178,5,2026-04-08,23,7
PF_0024697_01,178,6,2026-04-08,22,7
PF_0024697_01,178,7,2026-04-08,23,7
PF_0024697_01,178,8,2026-04-08,23,7
PF_0024697_01,178,9,2026-04-08,22,6
PF_0024697_01,178,1,2026-04-15,23,7
PF_0024697_01,178,3,2026-04-15,22,7
PF_0024697_01,178,4,2026-04-15,24,8
PF_0024697_01,178,5,2026-04-15,23,7
PF_0024697_01,178,6,2026-04-15,23,8
PF_0024697_01,178,7,2026-04-15,23,6
PF_0024697_01,178,8,2026-04-15,24,7
PF_0024697_01,178,9,2026-04-15,23,6
PF_0024697_01,178,1,2026-04-22,23,6
PF_0024697_01,178,2,2026-04-22,23,6
PF_0024697_01,178,3,2026-04-22,23,6
PF_0024697_01,178,4,2026-04-22,24,8
PF_0024697_01,178,5,2026-04-22,24,7
PF_0024697_01,178,6,2026-04-22,23,7
PF_0024697_01,178,7,2026-04-22,24,6
PF_0024697_01,178,8,2026-04-22,25,7
PF_0024697_01,178,9,2026-04-22,23,5
PF_0024697_01,178,1,2026-04-29,24,6
PF_0024697_01,178,2,2026-04-29,24,7
PF_0024697_01,178,3,2026-04-29,23,6
PF_0024697_01,178,4,2026-04-29,25,8
PF_0024697_01,178,5,2026-04-29,25,8
PF_0024697_01,178,6,2026-04-29,24,8
PF_0024697_01,178,7,2026-04-29,24,5
PF_0024697_01,178,8,2026-04-29,25,6
PF_0024697_01,178,9,2026-04-29,24,6
PF_0024697_01,178,1,2026-05-05,25,7
PF_0024697_01,178,2,2026-05-05,24,5
PF_0024697_01,178,3,2026-05-05,23,5
PF_0024697_01,178,4,2026-05-05,25,6
PF_0024697_01,178,5,2026-05-05,25,7
PF_0024697_01,178,6,2026-05-05,24,5
PF_0024697_01,178,7,2026-05-05,24,5
PF_0024697_01,178,8,2026-05-05,26,6
PF_0024697_01,178,9,2026-05-05,25,7
PF_0024697_01,178,1,2026-05-13,26,7
PF_0024697_01,178,2,2026-05-13,25,6
PF_0024697_01,178,3,2026-05-13,24,6
PF_0024697_01,178,4,2026-05-13,26,6
PF_0024697_01,178,5,2026-05-13,26,7
PF_0024697_01,178,6,2026-05-13,25,5
PF_0024697_01,178,7,2026-05-13,25,6
PF_0024697_01,178,8,2026-05-13,27,6
PF_0024697_01,178,9,2026-05-13,25,5
PF_0025108_01,206,1,2025-08-27,6,3
PF_0025108_01,206,2,2025-08-27,5,2
PF_0025108_01,206,3,2025-08-27,5,1
PF_0025108_01,206,4,2025-08-27,6,1
PF_0025108_01,206,5,2025-08-27,5,1
PF_0025108_01,206,6,2025-08-27,5,2
PF_0025108_01,206,7,2025-08-27,5,2
PF_0025108_01,206,8,2025-08-27,5,2
PF_0025108_01,206,9,2025-08-27,5,1
PF_0025108_01,206,1,2025-09-24,9,1
PF_0025108_01,206,2,2025-09-24,8,1
PF_0025108_01,206,3,2025-09-24,7,1
PF_0025108_01,206,4,2025-09-24,9,2
PF_0025108_01,206,6,2025-09-24,8,1
PF_0025108_01,206,7,2025-09-24,8,1
PF_0025108_01,206,8,2025-09-24,8,1
PF_0025108_01,206,9,2025-09-24,8,1
PF_0025108_01,206,1,2025-10-15,11,2
PF_0025108_01,206,2,2025-10-15,10,1
PF_0025108_01,206,3,2025-10-15,11,2
PF_0025108_01,206,4,2025-10-15,11,1
PF_0025108_01,206,5,2025-10-15,11,2
PF_0025108_01,206,6,2025-10-15,11,2
PF_0025108_01,206,7,2025-10-15,10,2
PF_0025108_01,206,8,2025-10-15,11,1
PF_0025108_01,206,9,2025-10-15,10,1
PF_0025108_01,206,3,2025-10-22,11,1
PF_0025108_01,206,4,2025-10-22,11,1
PF_0025108_01,206,5,2025-10-22,11,1
PF_0025108_01,206,6,2025-10-22,11,1
PF_0025108_01,206,7,2025-10-22,11,1
PF_0025108_01,206,8,2025-10-22,11,1
PF_0025108_01,206,9,2025-10-22,11,1
PF_0025108_01,206,2,2025-10-29,12,1
PF_0025108_01,206,5,2025-10-29,12,1
PF_0025108_01,206,8,2025-10-29,12,1
PF_0025108_01,206,1,2025-11-05,13,1
PF_0025108_01,206,2,2025-11-05,13,2
PF_0025108_01,206,3,2025-11-05,13,2
PF_0025108_01,206,4,2025-11-05,13,1
PF_0025108_01,206,5,2025-11-05,13,2
PF_0025108_01,206,6,2025-11-05,13,2
PF_0025108_01,206,7,2025-11-05,12,2
PF_0025108_01,206,8,2025-11-05,13,2
PF_0025108_01,206,9,2025-11-05,12,1
PF_0025108_01,206,1,2025-11-12,14,2
PF_0025108_01,206,2,2025-11-12,13,1
PF_0025108_01,206,3,2025-11-12,14,2
PF_0025108_01,206,4,2025-11-12,14,2
PF_0025108_01,206,5,2025-11-12,13,2
PF_0025108_01,206,7,2025-11-12,13,2
PF_0025108_01,206,8,2025-11-12,14,1
PF_0025108_01,206,9,2025-11-12,13,2
PF_0025108_01,206,1,2025-11-19,15,1
PF_0025108_01,206,2,2025-11-19,14,1
PF_0025108_01,206,3,2025-11-19,14,1
PF_0025108_01,206,4,2025-11-19,14,1
PF_0025108_01,206,5,2025-11-19,14,1
PF_0025108_01,206,6,2025-11-19,14,1
PF_0025108_01,206,7,2025-11-19,14,2
PF_0025108_01,206,8,2025-11-19,14,1
PF_0025108_01,206,9,2025-11-19,14,1
PF_0025108_01,206,1,2025-11-26,16,2
PF_0025108_01,206,2,2025-11-26,15,1
PF_0025108_01,206,3,2025-11-26,15,1
PF_0025108_01,206,4,2025-11-26,15,1
PF_0025108_01,206,5,2025-11-26,15,1
PF_0025108_01,206,6,2025-11-26,15,2
PF_0025108_01,206,7,2025-11-26,15,1
PF_0025108_01,206,8,2025-11-26,15,2
PF_0025108_01,206,9,2025-11-26,15,2
PF_0025108_01,206,1,2025-12-03,16,1
PF_0025108_01,206,2,2025-12-03,16,1
PF_0025108_01,206,3,2025-12-03,16,1
PF_0025108_01,206,4,2025-12-03,16,1
PF_0025108_01,206,5,2025-12-03,16,2
PF_0025108_01,206,6,2025-12-03,15,1
PF_0025108_01,206,7,2025-12-03,15,1
PF_0025108_01,206,8,2025-12-03,16,1
PF_0025108_01,206,9,2025-12-03,15,1
PF_0025108_01,206,1,2025-12-10,17,1
PF_0025108_01,206,2,2025-12-10,17,1
PF_0025108_01,206,3,2025-12-10,17,1
PF_0025108_01,206,4,2025-12-10,17,1
PF_0025108_01,206,5,2025-12-10,17,1
PF_0025108_01,206,6,2025-12-10,16,1
PF_0025108_01,206,7,2025-12-10,16,1
PF_0025108_01,206,9,2025-12-10,16,1
PF_0025108_01,206,1,2025-12-17,18,2
PF_0025108_01,206,2,2025-12-17,17,1
PF_0025108_01,206,3,2025-12-17,18,2
PF_0025108_01,206,4,2025-12-17,18,2
PF_0025108_01,206,5,2025-12-17,18,2
PF_0025108_01,206,6,2025-12-17,17,2
PF_0025108_01,206,7,2025-12-17,17,2
PF_0025108_01,206,8,2025-12-17,17,1
PF_0025108_01,206,9,2025-12-17,17,2
PF_0025108_01,206,1,2025-12-24,18,1
PF_0025108_01,206,2,2025-12-24,18,2
PF_0025108_01,206,3,2025-12-24,18,1
PF_0025108_01,206,4,2025-12-24,18,1
PF_0025108_01,206,5,2025-12-24,18,1
PF_0025108_01,206,6,2025-12-24,17,1
PF_0025108_01,206,7,2025-12-24,17,1
PF_0025108_01,206,8,2025-12-24,18,1
PF_0025108_01,206,9,2025-12-24,17,1
PF_0025108_01,206,1,2025-12-31,19,1
PF_0025108_01,206,2,2025-12-31,19,2
PF_0025108_01,206,3,2025-12-31,19,2
PF_0025108_01,206,4,2025-12-31,19,1
PF_0025108_01,206,5,2025-12-31,18,1
PF_0025108_01,206,6,2025-12-31,18,1
PF_0025108_01,206,7,2025-12-31,18,1
PF_0025108_01,206,8,2025-12-31,18,1
PF_0025108_01,206,9,2025-12-31,18,1
PF_0025108_01,206,2,2026-01-07,19,1
PF_0025108_01,206,3,2026-01-07,20,2
PF_0025108_01,206,5,2026-01-07,19,1
PF_0025108_01,206,6,2026-01-07,19,1
PF_0025108_01,206,7,2026-01-07,19,1
PF_0025108_01,206,8,2026-01-07,19,1
PF_0025108_01,206,9,2026-01-07,18,1
PF_0025108_01,206,2,2026-01-14,20,1
PF_0025108_01,206,3,2026-01-14,20,1
PF_0025108_01,206,5,2026-01-14,20,1
PF_0025108_01,206,6,2026-01-14,19,1
PF_0025108_01,206,7,2026-01-14,20,2
PF_0025108_01,206,8,2026-01-14,20,2
PF_0025108_01,206,9,2026-01-14,19,1
PF_0025108_01,206,2,2026-01-21,20,1
PF_0025108_01,206,3,2026-01-21,21,1
PF_0025108_01,206,4,2026-01-21,20,1
PF_0025108_01,206,5,2026-01-21,20,1
PF_0025108_01,206,6,2026-01-21,20,2
PF_0025108_01,206,7,2026-01-21,20,1
PF_0025108_01,206,8,2026-01-21,21,2
PF_0025108_01,206,9,2026-01-21,20,2
PF_0025108_01,206,1,2026-01-27,20,1
PF_0025108_01,206,2,2026-01-27,22,2
PF_0025108_01,206,3,2026-01-27,22,2
PF_0025108_01,206,4,2026-01-27,20,1
PF_0025108_01,206,5,2026-01-27,21,2
PF_0025108_01,206,6,2026-01-27,21,1
PF_0025108_01,206,7,2026-01-27,21,2
PF_0025108_01,206,8,2026-01-27,22,2
PF_0025108_01,206,9,2026-01-27,21,2
PF_0025108_01,206,1,2026-02-04,21,1
PF_0025108_01,206,2,2026-02-04,23,2
PF_0025108_01,206,3,2026-02-04,22,1
PF_0025108_01,206,4,2026-02-04,21,1
PF_0025108_01,206,5,2026-02-04,22,1
PF_0025108_01,206,6,2026-02-04,22,1
PF_0025108_01,206,7,2026-02-04,22,1
PF_0025108_01,206,8,2026-02-04,23,2
PF_0025108_01,206,9,2026-02-04,21,1
PF_0025108_01,206,1,2026-02-11,22,1
PF_0025108_01,206,2,2026-02-11,24,2
PF_0025108_01,206,3,2026-02-11,23,1
PF_0025108_01,206,4,2026-02-11,22,1
PF_0025108_01,206,5,2026-02-11,23,1
PF_0025108_01,206,6,2026-02-11,23,2
PF_0025108_01,206,7,2026-02-11,23,1
PF_0025108_01,206,8,2026-02-11,24,2
PF_0025108_01,206,9,2026-02-11,22,1
PF_0025108_01,206,1,2026-02-18,23,1
PF_0025108_01,206,2,2026-02-18,24,1
PF_0025108_01,206,3,2026-02-18,24,1
PF_0025108_01,206,4,2026-02-18,24,1
PF_0025108_01,206,5,2026-02-18,23,1
PF_0025108_01,206,7,2026-02-18,24,2
PF_0025108_01,206,8,2026-02-18,24,1
PF_0025108_01,206,9,2026-02-18,23,1
PF_0025108_01,206,1,2026-02-25,24,2
PF_0025108_01,206,2,2026-02-25,25,2
PF_0025108_01,206,3,2026-02-25,25,2
PF_0025108_01,206,4,2026-02-25,25,2
PF_0025108_01,206,5,2026-02-25,24,1
PF_0025108_01,206,6,2026-02-25,24,1
PF_0025108_01,206,7,2026-02-25,25,2
PF_0025108_01,206,8,2026-02-25,25,2
PF_0025108_01,206,9,2026-02-25,24,1
PF_0025108_01,206,1,2026-03-04,25,1
PF_0025108_01,206,2,2026-03-04,26,1
PF_0025108_01,206,3,2026-03-04,26,1
PF_0025108_01,206,4,2026-03-04,25,2
PF_0025108_01,206,5,2026-03-04,25,1
PF_0025108_01,206,6,2026-03-04,25,1
PF_0025108_01,206,7,2026-03-04,25,1
PF_0025108_01,206,8,2026-03-04,26,1
PF_0025108_01,206,9,2026-03-04,25,1
PF_0025108_01,206,1,2026-03-10,25,1
PF_0025108_01,206,2,2026-03-10,27,1
PF_0025108_01,206,3,2026-03-10,27,2
PF_0025108_01,206,4,2026-03-10,25,1
PF_0025108_01,206,5,2026-03-10,26,1
PF_0025108_01,206,6,2026-03-10,26,1
PF_0025108_01,206,7,2026-03-10,26,1
PF_0025108_01,206,9,2026-03-10,26,1
PF_0025108_01,206,1,2026-03-18,26,1
PF_0025108_01,206,2,2026-03-18,27,1
PF_0025108_01,206,3,2026-03-18,28,1
PF_0025108_01,206,4,2026-03-18,26,1
PF_0025108_01,206,5,2026-03-18,27,1
PF_0025108_01,206,6,2026-03-18,26,1
PF_0025108_01,206,7,2026-03-18,27,1
PF_0025108_01,206,8,2026-03-18,27,1
PF_0025108_01,206,9,2026-03-18,26,1
PF_0025108_01,206,1,2026-03-25,27,2
PF_0025108_01,206,2,2026-03-25,28,1
PF_0025108_01,206,3,2026-03-25,28,1
PF_0025108_01,206,4,2026-03-25,27,1
PF_0025108_01,206,5,2026-03-25,28,1
PF_0025108_01,206,6,2026-03-25,27,1
PF_0025108_01,206,7,2026-03-25,28,1
PF_0025108_01,206,8,2026-03-25,28,1
PF_0025108_01,206,9,2026-03-25,27,1
PF_0025108_01,206,2,2026-04-01,29,1
PF_0025108_01,206,3,2026-04-01,29,2
PF_0025108_01,206,4,2026-04-01,28,2
PF_0025108_01,206,5,2026-04-01,29,2
PF_0025108_01,206,6,2026-04-01,28,2
PF_0025108_01,206,7,2026-04-01,28,1
PF_0025108_01,206,9,2026-04-01,28,1
PF_0025108_01,206,1,2026-04-08,28,1
PF_0025108_01,206,2,2026-04-08,30,2
PF_0025108_01,206,3,2026-04-08,30,1
PF_0025108_01,206,4,2026-04-08,28,1
PF_0025108_01,206,5,2026-04-08,29,1
PF_0025108_01,206,6,2026-04-08,29,1
PF_0025108_01,206,7,2026-04-08,29,1
PF_0025108_01,206,8,2026-04-08,29,1
PF_0025108_01,206,9,2026-04-08,28,1
PF_0025108_01,206,1,2026-04-15,29,1
PF_0025108_01,206,3,2026-04-15,31,2
PF_0025108_01,206,4,2026-04-15,29,1
PF_0025108_01,206,5,2026-04-15,30,1
PF_0025108_01,206,6,2026-04-15,29,1
PF_0025108_01,206,7,2026-04-15,30,1
PF_0025108_01,206,8,2026-04-15,30,1
PF_0025108_01,206,9,2026-04-15,29,1
PF_0025108_01,206,1,2026-04-22,29,1
PF_0025108_01,206,2,2026-04-22,31,1
PF_0025108_01,206,5,2026-04-22,31,1
PF_0025108_01,206,6,2026-04-22,30,1
PF_0025108_01,206,7,2026-04-22,31,1
PF_0025108_01,206,9,2026-04-22,30,1
PF_0025108_01,206,1,2026-04-29,30,1
PF_0025108_01,206,2,2026-04-29,32,1
PF_0025108_01,206,3,2026-04-29,32,2
PF_0025108_01,206,4,2026-04-29,30,1
PF_0025108_01,206,5,2026-04-29,32,1
PF_0025108_01,206,6,2026-04-29,31,1
PF_0025108_01,206,7,2026-04-29,31,1
PF_0025108_01,206,8,2026-04-29,31,1
PF_0025108_01,206,9,2026-04-29,31,1
PF_0025108_01,206,1,2026-05-05,30,1
PF_0025108_01,206,2,2026-05-05,32,1
PF_0025108_01,206,3,2026-05-05,32,1
PF_0025108_01,206,4,2026-05-05,30,1
PF_0025108_01,206,5,2026-05-05,32,1
PF_0025108_01,206,6,2026-05-05,31,1
PF_0025108_01,206,7,2026-05-05,32,1
PF_0025108_01,206,8,2026-05-05,31,1
PF_0025108_01,206,9,2026-05-05,32,2
PF_0025101_01,195,8,2025-11-04,2,1
PF_0025101_01,195,1,2025-11-11,2,1
PF_0025101_01,195,2,2025-11-11,2,1
PF_0025101_01,195,3,2025-11-11,2,1
PF_0025101_01,195,4,2025-11-11,3,2
PF_0025101_01,195,5,2025-11-11,2,1
PF_0025101_01,195,6,2025-11-11,3,2
PF_0025101_01,195,7,2025-11-11,3,2
PF_0025101_01,195,8,2025-11-11,3,2
PF_0025101_01,195,9,2025-11-11,2,1
PF_0025101_01,195,1,2025-11-19,3,1
PF_0025101_01,195,2,2025-11-19,3,1
PF_0025101_01,195,3,2025-11-19,3,1
PF_0025101_01,195,4,2025-11-19,4,2
PF_0025101_01,195,5,2025-11-19,4,3
PF_0025101_01,195,6,2025-11-19,4,3
PF_0025101_01,195,7,2025-11-19,4,2
PF_0025101_01,195,8,2025-11-19,4,2
PF_0025101_01,195,9,2025-11-19,3,2
PF_0025101_01,195,1,2025-11-25,4,2
PF_0025101_01,195,2,2025-11-25,4,2
PF_0025101_01,195,3,2025-11-25,4,2
PF_0025101_01,195,4,2025-11-25,4,2
PF_0025101_01,195,5,2025-11-25,4,3
PF_0025101_01,195,6,2025-11-25,4,3
PF_0025101_01,195,7,2025-11-25,4,2
PF_0025101_01,195,8,2025-11-25,4,2
PF_0025101_01,195,9,2025-11-25,4,2
PF_0025101_01,195,1,2025-12-02,5,3
PF_0025101_01,195,2,2025-12-02,5,2
PF_0025101_01,195,3,2025-12-02,5,1
PF_0025101_01,195,4,2025-12-02,5,1
PF_0025101_01,195,5,2025-12-02,5,1
PF_0025101_01,195,6,2025-12-02,5,1
PF_0025101_01,195,7,2025-12-02,5,2
PF_0025101_01,195,8,2025-12-02,5,2
PF_0025101_01,195,9,2025-12-02,4,1
PF_0025101_01,195,1,2025-12-09,5,2
PF_0025101_01,195,2,2025-12-09,5,1
PF_0025101_01,195,3,2025-12-09,5,1
PF_0025101_01,195,4,2025-12-09,5,1
PF_0025101_01,195,5,2025-12-09,5,1
PF_0025101_01,195,6,2025-12-09,5,1
PF_0025101_01,195,7,2025-12-09,5,1
PF_0025101_01,195,8,2025-12-09,5,2
PF_0025101_01,195,9,2025-12-09,5,2
PF_0025101_01,195,1,2025-12-16,5,1
PF_0025101_01,195,2,2025-12-16,5,1
PF_0025101_01,195,3,2025-12-16,6,2
PF_0025101_01,195,4,2025-12-16,6,1
PF_0025101_01,195,5,2025-12-16,5,1
PF_0025101_01,195,6,2025-12-16,6,1
PF_0025101_01,195,7,2025-12-16,6,1
PF_0025101_01,195,8,2025-12-16,6,2
PF_0025101_01,195,9,2025-12-16,5,1
PF_0025101_01,195,1,2025-12-24,6,2
PF_0025101_01,195,2,2025-12-24,6,2
PF_0025101_01,195,3,2025-12-24,6,1
PF_0025101_01,195,4,2025-12-24,7,2
PF_0025101_01,195,6,2025-12-24,6,1
PF_0025101_01,195,7,2025-12-24,7,2
PF_0025101_01,195,8,2025-12-24,6,1
PF_0025101_01,195,9,2025-12-24,6,2
PF_0025101_01,195,1,2025-12-30,6,1
PF_0025101_01,195,2,2025-12-30,6,1
PF_0025101_01,195,3,2025-12-30,7,2
PF_0025101_01,195,4,2025-12-30,7,1
PF_0025101_01,195,5,2025-12-30,6,1
PF_0025101_01,195,6,2025-12-30,7,1
PF_0025101_01,195,7,2025-12-30,7,2
PF_0025101_01,195,8,2025-12-30,7,1
PF_0025101_01,195,9,2025-12-30,6,1
PF_0025101_01,195,2,2026-01-06,7,1
PF_0025101_01,195,3,2026-01-06,8,2
PF_0025101_01,195,4,2026-01-06,8,2
PF_0025101_01,195,5,2026-01-06,6,1
PF_0025101_01,195,6,2026-01-06,7,1
PF_0025101_01,195,7,2026-01-06,8,2
PF_0025101_01,195,8,2026-01-06,7,1
PF_0025101_01,195,9,2026-01-06,7,2
PF_0025101_01,195,2,2026-01-13,8,2
PF_0025101_01,195,3,2026-01-13,8,2
PF_0025101_01,195,4,2026-01-13,8,2
PF_0025101_01,195,7,2026-01-13,8,1
PF_0025101_01,195,8,2026-01-13,8,2
PF_0025101_01,195,9,2026-01-13,7,1
PF_0025101_01,195,1,2026-01-21,8,2
PF_0025101_01,195,2,2026-01-21,8,2
PF_0025101_01,195,3,2026-01-21,9,2
PF_0025101_01,195,4,2026-01-21,9,2
PF_0025101_01,195,6,2026-01-21,9,2
PF_0025101_01,195,7,2026-01-21,9,2
PF_0025101_01,195,8,2026-01-21,9,2
PF_0025101_01,195,9,2026-01-21,8,2
PF_0025101_01,195,1,2026-01-27,8,2
PF_0025101_01,195,2,2026-01-27,8,1
PF_0025101_01,195,3,2026-01-27,9,2
PF_0025101_01,195,4,2026-01-27,9,2
PF_0025101_01,195,5,2026-01-27,8,1
PF_0025101_01,195,6,2026-01-27,9,2
PF_0025101_01,195,7,2026-01-27,9,1
PF_0025101_01,195,8,2026-01-27,9,1
PF_0025101_01,195,9,2026-01-27,9,2
PF_0025101_01,195,1,2026-02-05,9,1
PF_0025101_01,195,2,2026-02-05,9,2
PF_0025101_01,195,3,2026-02-05,10,2
PF_0025101_01,195,4,2026-02-05,10,2
PF_0025101_01,195,5,2026-02-05,8,1
PF_0025101_01,195,6,2026-02-05,10,2
PF_0025101_01,195,7,2026-02-05,10,2
PF_0025101_01,195,8,2026-02-05,10,2
PF_0025101_01,195,9,2026-02-05,10,3
PF_0025101_01,195,1,2026-02-12,9,2
PF_0025101_01,195,2,2026-02-12,9,1
PF_0025101_01,195,3,2026-02-12,11,2
PF_0025101_01,195,4,2026-02-12,11,2
PF_0025101_01,195,5,2026-02-12,9,2
PF_0025101_01,195,6,2026-02-12,11,2
PF_0025101_01,195,7,2026-02-12,11,2
PF_0025101_01,195,8,2026-02-12,10,1
PF_0025101_01,195,9,2026-02-12,10,2
PF_0025101_01,195,1,2026-02-20,11,3
PF_0025101_01,195,2,2026-02-20,9,1
PF_0025101_01,195,3,2026-02-20,12,2
PF_0025101_01,195,4,2026-02-20,12,2
PF_0025101_01,195,5,2026-02-20,10,2
PF_0025101_01,195,6,2026-02-20,12,3
PF_0025101_01,195,7,2026-02-20,12,3
PF_0025101_01,195,8,2026-02-20,11,2
PF_0025101_01,195,9,2026-02-20,11,2
PF_0025101_01,195,1,2026-02-26,12,4
PF_0025101_01,195,2,2026-02-26,10,2
PF_0025101_01,195,3,2026-02-26,13,3
PF_0025101_01,195,4,2026-02-26,12,2
PF_0025101_01,195,5,2026-02-26,11,3
PF_0025101_01,195,6,2026-02-26,12,3
PF_0025101_01,195,7,2026-02-26,12,3
PF_0025101_01,195,8,2026-02-26,12,2
PF_0025101_01,195,9,2026-02-26,12,3
PF_0025101_01,195,1,2026-03-04,12,3
PF_0025101_01,195,2,2026-03-04,11,3
PF_0025101_01,195,3,2026-03-04,13,3
PF_0025101_01,195,4,2026-03-04,13,2
PF_0025101_01,195,5,2026-03-04,12,1
PF_0025101_01,195,6,2026-03-04,13,4
PF_0025101_01,195,7,2026-03-04,13,4
PF_0025101_01,195,8,2026-03-04,13,3
PF_0025101_01,195,9,2026-03-04,12,2
PF_0025101_01,195,1,2026-03-10,13,1
PF_0025101_01,195,2,2026-03-10,12,2
PF_0025101_01,195,3,2026-03-10,14,2
PF_0025101_01,195,4,2026-03-10,14,2
PF_0025101_01,195,5,2026-03-10,13,1
PF_0025101_01,195,6,2026-03-10,14,2
PF_0025101_01,195,7,2026-03-10,14,1
PF_0025101_01,195,8,2026-03-10,14,1
PF_0025101_01,195,9,2026-03-10,13,1
PF_0025101_01,195,1,2026-03-18,14,2
PF_0025101_01,195,2,2026-03-18,12,1
PF_0025101_01,195,3,2026-03-18,14,2
PF_0025101_01,195,4,2026-03-18,15,2
PF_0025101_01,195,5,2026-03-18,14,1
PF_0025101_01,195,6,2026-03-18,15,1
PF_0025101_01,195,7,2026-03-18,15,2
PF_0025101_01,195,8,2026-03-18,14,1
PF_0025101_01,195,9,2026-03-18,14,2
PF_0025101_01,195,1,2026-03-25,14,1
PF_0025101_01,195,2,2026-03-25,13,1
PF_0025101_01,195,3,2026-03-25,14,1
PF_0025101_01,195,4,2026-03-25,15,1
PF_0025101_01,195,5,2026-03-25,15,2
PF_0025101_01,195,6,2026-03-25,15,1
PF_0025101_01,195,7,2026-03-25,15,1
PF_0025101_01,195,8,2026-03-25,14,1
PF_0025101_01,195,9,2026-03-25,15,2
PF_0025101_01,195,1,2026-03-31,15,6
PF_0025101_01,195,2,2026-03-31,14,6
PF_0025101_01,195,3,2026-03-31,15,6
PF_0025101_01,195,4,2026-03-31,16,6
PF_0025101_01,195,5,2026-03-31,16,4
PF_0025101_01,195,6,2026-03-31,16,5
PF_0025101_01,195,7,2026-03-31,16,6
PF_0025101_01,195,8,2026-03-31,15,6
PF_0025101_01,195,9,2026-03-31,15,6
PF_0025101_01,195,1,2026-04-08,16,6
PF_0025101_01,195,2,2026-04-08,14,5
PF_0025101_01,195,3,2026-04-08,16,6
PF_0025101_01,195,4,2026-04-08,17,6
PF_0025101_01,195,5,2026-04-08,17,5
PF_0025101_01,195,6,2026-04-08,17,6
PF_0025101_01,195,7,2026-04-08,17,6
PF_0025101_01,195,8,2026-04-08,16,6
PF_0025101_01,195,9,2026-04-08,16,6
PF_0025101_01,195,1,2026-04-14,17,6
PF_0025101_01,195,2,2026-04-14,15,5
PF_0025101_01,195,3,2026-04-14,17,6
PF_0025101_01,195,4,2026-04-14,18,6
PF_0025101_01,195,5,2026-04-14,18,6
PF_0025101_01,195,6,2026-04-14,17,6
PF_0025101_01,195,7,2026-04-14,17,6
PF_0025101_01,195,8,2026-04-14,17,6
PF_0025101_01,195,9,2026-04-14,16,6
PF_0025101_01,195,1,2026-04-21,17,6
PF_0025101_01,195,2,2026-04-21,16,5
PF_0025101_01,195,3,2026-04-21,18,6
PF_0025101_01,195,4,2026-04-21,19,6
PF_0025101_01,195,5,2026-04-21,19,6
PF_0025101_01,195,6,2026-04-21,18,6
PF_0025101_01,195,7,2026-04-21,18,6
PF_0025101_01,195,8,2026-04-21,18,6
PF_0025101_01,195,9,2026-04-21,17,6
PF_0025101_01,195,1,2026-04-28,18,6
PF_0025101_01,195,2,2026-04-28,16,5
PF_0025101_01,195,3,2026-04-28,18,6
PF_0025101_01,195,4,2026-04-28,20,6
PF_0025101_01,195,5,2026-04-28,20,6
PF_0025101_01,195,6,2026-04-28,19,6
PF_0025101_01,195,7,2026-04-28,19,6
PF_0025101_01,195,8,2026-04-28,18,6
PF_0025101_01,195,9,2026-04-28,17,6
PF_0025101_01,195,1,2026-05-04,19,6
PF_0025101_01,195,2,2026-05-04,16,4
PF_0025101_01,195,3,2026-05-04,18,6
PF_0025101_01,195,4,2026-05-04,20,6
PF_0025101_01,195,5,2026-05-04,21,6
PF_0025101_01,195,6,2026-05-04,19,6
PF_0025101_01,195,7,2026-05-04,20,6
PF_0025101_01,195,8,2026-05-04,19,6
PF_0025101_01,195,9,2026-05-04,18,6
PF_0025101_01,195,1,2026-05-12,20,6
PF_0025101_01,195,2,2026-05-12,19,6
PF_0025101_01,195,3,2026-05-12,19,6
PF_0025101_01,195,4,2026-05-12,21,6
PF_0025101_01,195,5,2026-05-12,22,6
PF_0025101_01,195,6,2026-05-12,20,6
PF_0025101_01,195,7,2026-05-12,21,6
PF_0025101_01,195,8,2026-05-12,20,6
PF_0025101_01,195,9,2026-05-12,19,5
PF_0025101_01,195,1,2026-05-19,21,6
PF_0025101_01,195,2,2026-05-19,20,5
PF_0025101_01,195,3,2026-05-19,20,6
PF_0025101_01,195,4,2026-05-19,22,6
PF_0025101_01,195,5,2026-05-19,23,6
PF_0025101_01,195,6,2026-05-19,21,6
PF_0025101_01,195,7,2026-05-19,22,6
PF_0025101_01,195,8,2026-05-19,21,6
PF_0025101_01,195,9,2026-05-19,20,6
PF_0025101_01,195,1,2026-05-27,22,6
PF_0025101_01,195,2,2026-05-27,22,6
PF_0025101_01,195,3,2026-05-27,21,6
PF_0025101_01,195,4,2026-05-27,23,6
PF_0025101_01,195,5,2026-05-27,24,5
PF_0025101_01,195,6,2026-05-27,22,6
PF_0025101_01,195,7,2026-05-27,23,6
PF_0025101_01,195,8,2026-05-27,22,6
PF_0025101_01,195,9,2026-05-27,21,6
PF_0025101_01,195,1,2026-06-08,22,3
PF_0025101_01,195,2,2026-06-08,22,3
PF_0025101_01,195,3,2026-06-08,21,3
PF_0025101_01,195,4,2026-06-08,23,3
PF_0025101_01,195,5,2026-06-08,24,3
PF_0025101_01,195,6,2026-06-08,22,3
PF_0025101_01,195,7,2026-06-08,23,3
PF_0025101_01,195,8,2026-06-08,22,3
PF_0025101_01,195,9,2026-06-08,21,3
PF_0024693_01,172,2,2025-10-20,3,2
PF_0024693_01,172,3,2025-10-20,3,2
PF_0024693_01,172,4,2025-10-20,3,2
PF_0024693_01,172,5,2025-10-20,3,2
PF_0024693_01,172,6,2025-10-20,3,1
PF_0024693_01,172,7,2025-10-20,3,2
PF_0024693_01,172,8,2025-10-20,3,2
PF_0024693_01,172,9,2025-10-20,3,2
PF_0024693_01,172,1,2025-10-27,3,2
PF_0024693_01,172,2,2025-10-27,3,1
PF_0024693_01,172,3,2025-10-27,3,2
PF_0024693_01,172,4,2025-10-27,3,2
PF_0024693_01,172,5,2025-10-27,4,3
PF_0024693_01,172,6,2025-10-27,3,1
PF_0024693_01,172,7,2025-10-27,3,2
PF_0024693_01,172,8,2025-10-27,4,3
PF_0024693_01,172,9,2025-10-27,3,2
PF_0024693_01,172,1,2025-11-03,4,2
PF_0024693_01,172,2,2025-11-03,4,1
PF_0024693_01,172,3,2025-11-03,4,1
PF_0024693_01,172,4,2025-11-03,4,2
PF_0024693_01,172,5,2025-11-03,5,4
PF_0024693_01,172,6,2025-11-03,4,2
PF_0024693_01,172,7,2025-11-03,4,2
PF_0024693_01,172,8,2025-11-03,4,1
PF_0024693_01,172,9,2025-11-03,4,2
PF_0024693_01,172,1,2025-11-10,5,1
PF_0024693_01,172,2,2025-11-10,5,1
PF_0024693_01,172,3,2025-11-10,4,1
PF_0024693_01,172,4,2025-11-10,5,2
PF_0024693_01,172,5,2025-11-10,5,2
PF_0024693_01,172,6,2025-11-10,5,2
PF_0024693_01,172,7,2025-11-10,4,1
PF_0024693_01,172,8,2025-11-10,5,1
PF_0024693_01,172,9,2025-11-10,5,2
PF_0024693_01,172,1,2025-11-17,5,1
PF_0024693_01,172,2,2025-11-17,5,1
PF_0024693_01,172,3,2025-11-17,5,1
PF_0024693_01,172,4,2025-11-17,5,1
PF_0024693_01,172,5,2025-11-17,7,2
PF_0024693_01,172,7,2025-11-17,5,1
PF_0024693_01,172,8,2025-11-17,5,1
PF_0024693_01,172,9,2025-11-17,5,1
PF_0024693_01,172,1,2025-11-24,6,1
PF_0024693_01,172,2,2025-11-24,6,1
PF_0024693_01,172,3,2025-11-24,6,1
PF_0024693_01,172,4,2025-11-24,6,1
PF_0024693_01,172,5,2025-11-24,8,2
PF_0024693_01,172,6,2025-11-24,6,1
PF_0024693_01,172,8,2025-11-24,6,1
PF_0024693_01,172,9,2025-11-24,6,1
PF_0024693_01,172,1,2025-12-01,6,1
PF_0024693_01,172,2,2025-12-01,6,1
PF_0024693_01,172,3,2025-12-01,6,1
PF_0024693_01,172,4,2025-12-01,7,2
PF_0024693_01,172,5,2025-12-01,9,3
PF_0024693_01,172,6,2025-12-01,6,1
PF_0024693_01,172,9,2025-12-01,6,1
PF_0024693_01,172,1,2025-12-08,7,1
PF_0024693_01,172,3,2025-12-08,7,1
PF_0024693_01,172,4,2025-12-08,8,2
PF_0024693_01,172,5,2025-12-08,9,1
PF_0024693_01,172,6,2025-12-08,7,1
PF_0024693_01,172,8,2025-12-08,7,1
PF_0024693_01,172,9,2025-12-08,7,1
PF_0024693_01,172,1,2025-12-15,7,1
PF_0024693_01,172,2,2025-12-15,8,1
PF_0024693_01,172,3,2025-12-15,8,2
PF_0024693_01,172,4,2025-12-15,8,1
PF_0024693_01,172,5,2025-12-15,9,1
PF_0024693_01,172,6,2025-12-15,7,1
PF_0024693_01,172,8,2025-12-15,8,1
PF_0024693_01,172,9,2025-12-15,8,2
PF_0024693_01,172,1,2025-12-22,8,1
PF_0024693_01,172,2,2025-12-22,8,1
PF_0024693_01,172,3,2025-12-22,8,1
PF_0024693_01,172,4,2025-12-22,8,1
PF_0024693_01,172,5,2025-12-22,10,2
PF_0024693_01,172,6,2025-12-22,8,2
PF_0024693_01,172,8,2025-12-22,8,1
PF_0024693_01,172,9,2025-12-22,8,2
PF_0024693_01,172,1,2025-12-29,9,1
PF_0024693_01,172,2,2025-12-29,9,1
PF_0024693_01,172,3,2025-12-29,8,1
PF_0024693_01,172,4,2025-12-29,9,2
PF_0024693_01,172,6,2025-12-29,8,1
PF_0024693_01,172,8,2025-12-29,9,2
PF_0024693_01,172,9,2025-12-29,9,2
PF_0024693_01,172,1,2026-01-05,9,1
PF_0024693_01,172,2,2026-01-05,10,2
PF_0024693_01,172,3,2026-01-05,10,2
PF_0024693_01,172,4,2026-01-05,10,1
PF_0024693_01,172,6,2026-01-05,10,1
PF_0024693_01,172,8,2026-01-05,10,3
PF_0024693_01,172,9,2026-01-05,9,1
PF_0024693_01,172,1,2026-01-12,10,1
PF_0024693_01,172,2,2026-01-12,10,1
PF_0024693_01,172,3,2026-01-12,10,1
PF_0024693_01,172,4,2026-01-12,10,1
PF_0024693_01,172,6,2026-01-12,9,1
PF_0024693_01,172,8,2026-01-12,10,1
PF_0024693_01,172,9,2026-01-12,10,1
PF_0024693_01,172,1,2026-01-19,10,1
PF_0024693_01,172,2,2026-01-19,11,2
PF_0024693_01,172,3,2026-01-19,11,1
PF_0024693_01,172,4,2026-01-19,11,1
PF_0024693_01,172,6,2026-01-19,10,2
PF_0024693_01,172,8,2026-01-19,11,1
PF_0024693_01,172,9,2026-01-19,11,2
PF_0024693_01,172,1,2026-01-26,11,1
PF_0024693_01,172,2,2026-01-26,12,2
PF_0024693_01,172,3,2026-01-26,11,1
PF_0024693_01,172,4,2026-01-26,12,2
PF_0024693_01,172,6,2026-01-26,10,2
PF_0024693_01,172,8,2026-01-26,12,2
PF_0024693_01,172,9,2026-01-26,11,1
PF_0024693_01,172,1,2026-02-02,12,2
PF_0024693_01,172,2,2026-02-02,12,1
PF_0024693_01,172,3,2026-02-02,12,1
PF_0024693_01,172,4,2026-02-02,13,2
PF_0024693_01,172,6,2026-02-02,11,1
PF_0024693_01,172,8,2026-02-02,12,1
PF_0024693_01,172,9,2026-02-02,12,1
PF_0024693_01,172,1,2026-02-10,13,2
PF_0024693_01,172,2,2026-02-10,13,1
PF_0024693_01,172,3,2026-02-10,13,2
PF_0024693_01,172,4,2026-02-10,13,1
PF_0024693_01,172,6,2026-02-10,12,2
PF_0024693_01,172,8,2026-02-10,13,1
PF_0024693_01,172,9,2026-02-10,13,2
PF_0024693_01,172,1,2026-02-16,13,1
PF_0024693_01,172,2,2026-02-16,14,2
PF_0024693_01,172,3,2026-02-16,14,2
PF_0024693_01,172,4,2026-02-16,14,2
PF_0024693_01,172,6,2026-02-16,12,2
PF_0024693_01,172,8,2026-02-16,14,2
PF_0024693_01,172,9,2026-02-16,13,2
PF_0024693_01,172,1,2026-02-24,14,1
PF_0024693_01,172,2,2026-02-24,15,2
PF_0024693_01,172,3,2026-02-24,14,1
PF_0024693_01,172,4,2026-02-24,15,3
PF_0024693_01,172,6,2026-02-24,13,3
PF_0024693_01,172,8,2026-02-24,14,1
PF_0024693_01,172,9,2026-02-24,14,1
PF_0024693_01,172,1,2026-03-06,15,1
PF_0024693_01,172,2,2026-03-06,16,2
PF_0024693_01,172,3,2026-03-06,15,1
PF_0024693_01,172,4,2026-03-06,16,4
PF_0024693_01,172,6,2026-03-06,14,1
PF_0024693_01,172,8,2026-03-06,15,1
PF_0024693_01,172,9,2026-03-06,15,1
